ID,Major group,Family,Genus hybrid marker,Genus,Species hybrid marker,Species,Infraspecific rank,Infraspecific epithet,Authorship,Taxonomic status in TPL,Nomenclatural status from original data source,Confidence level,Source,Source id,IPNI id,Publication,Collation,Page,Date,Accepted ID
kew-246564,A,Euphorbiaceae,,Galarhoeus,,"adenochlorus",,"","(C.Morren & Decne.) H.Hara",Synonym,,H,WCSP,246564,349042-1,"J. Jap. Bot.","11: 383","","1935",kew-78211
kew-246565,A,Euphorbiaceae,,Galarhoeus,,"alatavicus",,"","(Boiss.) Prokh.",Synonym,,H,WCSP,246565,994219-1,"Trudy Kuibyshevsk. Bot. Sada","1: 26","","1941",kew-78248
kew-246566,A,Euphorbiaceae,,Galarhoeus,,"aleppicus",,"","(L.) Haw.",Synonym,,H,WCSP,246566,349043-1,"Syn. Pl. Succ.","151","","1812",kew-78259
kew-246567,A,Euphorbiaceae,,Galarhoeus,,"altotibeticus",,"","(Paulsen) Prokh.",Synonym,,H,WCSP,246567,994221-1,"Trudy Kuibyshevsk. Bot. Sada","1: 26","","1941",kew-78283
kew-246568,A,Euphorbiaceae,,Galarhoeus,,"andrachnoides",,"","(Schrenk) Prokh.",Synonym,,H,WCSP,246568,994247-1,"Trudy Kuibyshevsk. Bot. Sada","1: 63","","1941",kew-78341
kew-85124,A,Euphorbiaceae,,Galarhoeus,,"androsaemifolius",,"","Haw.",Synonym,,H,WCSP,85124,349044-1,"Syn. Pl. Succ.","146","","1812",kew-80663
kew-246569,A,Euphorbiaceae,,Galarhoeus,,"apios",,"","(L.) Haw.",Synonym,,H,WCSP,246569,349045-1,"Syn. Pl. Succ.","149","","1812",kew-78391
kew-246570,A,Euphorbiaceae,,Galarhoeus,,"arkansanus",,"","(Engelm. & A.Gray) Small ex Rydb.",Synonym,,H,WCSP,246570,106761-2,"Fl. Plains N. Amer.","520","","1932",kew-82267
kew-246571,A,Euphorbiaceae,,Galarhoeus,,"austrinus",,"","(Small) Small",Synonym,,H,WCSP,246571,349047-1,"Man. S.E. Fl.","801","","1933",kew-79055
kew-246572,A,Euphorbiaceae,,Galarhoeus,,"borodinii",,"","(Sambuk) Prokh.",Synonym,,H,WCSP,246572,994248-1,"Trudy Kuibyshevsk. Bot. Sada","1: 71","","1941",kew-79567
kew-246573,A,Euphorbiaceae,,Galarhoeus,,"buhsei",,"","(Boiss.) Prokh.",Synonym,,H,WCSP,246573,994237-1,"Trudy Kuibyshevsk. Bot. Sada","1: 46","","1941",kew-78745
kew-246574,A,Euphorbiaceae,,Galarhoeus,,"caesius",,"","(Kar. & Kir.) Hurus.",Synonym,,H,WCSP,246574,349049-1,"J. Fac. Sci. Univ. Tokyo, Sect. 3, Bot.","6: 249","","1954",kew-78784
kew-246575,A,Euphorbiaceae,,Galarhoeus,,"calonesiacus",,"","(Croizat) H.Hara",Synonym,,H,WCSP,246575,349050-1,"J. Jap. Bot.","14: 356","","1938",kew-80373
kew-246576,A,Euphorbiaceae,,Galarhoeus,,"carniolicus",,"","(Jacq.) Haw.",Synonym,,H,WCSP,246576,349051-1,"Syn. Pl. Succ.","148","","1812",kew-78859
kew-246577,A,Euphorbiaceae,,Galarhoeus,,"commutatus",,"","(Engelm. ex A.Gray) Small ex Rydb.",Synonym,,H,WCSP,246577,106763-2,"Fl. Plains N. Amer.","520","","1932",kew-79055
kew-333916,A,Euphorbiaceae,,Galarhoeus,,"commutatus",var.,"erectus","(Norton) Small",Synonym,,L,WCSP,333916,106764-2,"Man. S.E. Fl.","801","","1933",kew-79055
kew-246578,A,Euphorbiaceae,,Galarhoeus,,"corallioides",,"","(L.) Haw.",Synonym,,H,WCSP,246578,349053-1,"Syn. Pl. Succ.","146","","1812",kew-79096
kew-246579,A,Euphorbiaceae,,Galarhoeus,,"corollatus",,"","(L.) Haw.",Synonym,,H,WCSP,246579,1162801-2,"Syn. Pl. Succ.","146","","1812",kew-79114
kew-246580,A,Euphorbiaceae,,Galarhoeus,,"creticus",,"","(Mill.) Haw.",Synonym,,H,WCSP,246580,349055-1,"Syn. Pl. Succ.","149","","1812",kew-78963
kew-85125,A,Euphorbiaceae,,Galarhoeus,,"croizatii",,"","Hurus.",Synonym,,H,WCSP,85125,349056-1,"J. Fac. Sci. Univ. Tokyo, Sect. 3, Bot.","6: 249","","1954",kew-79571
kew-246581,A,Euphorbiaceae,,Galarhoeus,,"cyparissias",,"","(L.) Small ex Rydb.",Synonym,,H,WCSP,246581,106765-2,"Fl. Plains N. Amer.","520","","1932",kew-79231
kew-246582,A,Euphorbiaceae,,Galarhoeus,,"darlingtonii",,"","(A.Gray) Small",Synonym,,H,WCSP,246582,349058-1,"Man. S.E. Fl.","801","","1933",kew-81781
kew-246583,A,Euphorbiaceae,,Galarhoeus,,"decussatus",,"","(Salisb.) Gray",Synonym,,H,WCSP,246583,349059-1,"Nat. Arr. Brit. Pl.","2: 256","","1821",kew-80521
kew-85126,A,Euphorbiaceae,,Galarhoeus,,"densiusculiformis",,"","Pazij",Synonym,,H,WCSP,85126,349060-1,"Bot. Mater. Gerb. Inst. Bot. Zool. Akad. Nauk Uzbeksk. S.S.R.","11: 26","","1948",kew-79312
kew-246584,A,Euphorbiaceae,,Galarhoeus,,"dulcis",,"","(L.) Haw.",Synonym,,H,WCSP,246584,349061-1,"Syn. Pl. Succ.","147","","1812",kew-79427
kew-246585,A,Euphorbiaceae,,Galarhoeus,,"ebracteolatus",,"","(Hayata) H.Hara",Synonym,,H,WCSP,246585,349062-1,"J. Jap. Bot.","11: 384","","1935",kew-79452
kew-85127,A,Euphorbiaceae,,Galarhoeus,,"ebracteolatus",var.,"anhweiensis","Hurus.",Synonym,,L,WCSP,85127,,"J. Fac. Sci. Univ. Tokyo, Sect. 3, Bot.","6: 251","","1954",kew-79452
kew-349237,A,Euphorbiaceae,,Galarhoeus,,"ebracteolatus",var.,"coreanus","(Hurus.) Hurus.",Synonym,,L,WCSP,349237,,"J. Fac. Sci. Univ. Tokyo, Sect. 3, Bot.","6: 251","","1954",kew-79452
kew-246586,A,Euphorbiaceae,,Galarhoeus,,"emarginatus",,"","Haw.",Synonym,,H,WCSP,246586,349063-1,"Syn. Pl. Succ.","145","","1812",kew-80209
kew-246587,A,Euphorbiaceae,,Galarhoeus,,"epithymoides",,"","(L.) Haw.",Synonym,,H,WCSP,246587,349064-1,"Syn. Pl. Succ.","147","","1812",kew-79519
kew-246588,A,Euphorbiaceae,,Galarhoeus,,"esula",,"","(L.) Rydb.",Synonym,,H,WCSP,246588,106767-2,"Brittonia","1: 93","","1931",kew-79567
kew-349230,A,Euphorbiaceae,,Galarhoeus,,"esula",f.,"caesius","(Kar. & Kir.) Hurus.",Synonym,,L,WCSP,349230,,"J. Fac. Sci. Univ. Tokyo, Sect. 3, Bot.","6: 248","","1954",kew-78784
kew-349221,A,Euphorbiaceae,,Galarhoeus,,"esula",f.,"caespitosus","(Hurus.) Hurus.",Synonym,,L,WCSP,349221,,"J. Fac. Sci. Univ. Tokyo, Sect. 3, Bot.","6: 247","","1954",kew-79567
kew-349231,A,Euphorbiaceae,,Galarhoeus,,"esula",subsp.,"cyparissioides","(Boiss.) Hurus.",Synonym,,L,WCSP,349231,,"J. Fac. Sci. Univ. Tokyo, Sect. 3, Bot.","6: 248","","1954",kew-79571
kew-349232,A,Euphorbiaceae,,Galarhoeus,,"esula",var.,"cyparissioides","(Boiss.) Hurus.",Synonym,,L,WCSP,349232,,"J. Fac. Sci. Univ. Tokyo, Sect. 3, Bot.","6: 249","","1954",kew-79571
kew-349223,A,Euphorbiaceae,,Galarhoeus,,"esula",var.,"hondoensis","(Hurus.) Hurus.",Synonym,,L,WCSP,349223,,"J. Fac. Sci. Univ. Tokyo, Sect. 3, Bot.","6: 248","","1954",kew-79567
kew-349229,A,Euphorbiaceae,,Galarhoeus,,"esula",f.,"humilior","(C.A.Mey.) Hurus.",Synonym,,L,WCSP,349229,,"J. Fac. Sci. Univ. Tokyo, Sect. 3, Bot.","6: 248","","1954",kew-79567
kew-349183,A,Euphorbiaceae,,Galarhoeus,,"esula",var.,"latifolius","(C.A.Mey. ex Ledeb.) Kitag.",Synonym,,L,WCSP,349183,,"Bull. Inst. Sc. Res. Manchoukuo","1(3): 2","","1937",kew-80525
kew-349222,A,Euphorbiaceae,,Galarhoeus,,"esula",f.,"littoralis","(Hurus.) Hurus.",Synonym,,L,WCSP,349222,,"J. Fac. Sci. Univ. Tokyo, Sect. 3, Bot.","6: 247","","1954",kew-79567
kew-349192,A,Euphorbiaceae,,Galarhoeus,,"esula",subsp.,"maackii","(Meinsh.) Hurus.",Synonym,,L,WCSP,349192,,"J. Fac. Sci. Univ. Tokyo, Sect. 3, Bot.","6: 248","","1954",kew-79567
kew-349224,A,Euphorbiaceae,,Galarhoeus,,"esula",var.,"maackii","(Meinsh.) Hurus.",Synonym,,L,WCSP,349224,,"J. Fac. Sci. Univ. Tokyo, Sect. 3, Bot.","6: 248","","1954",kew-79567
kew-349226,A,Euphorbiaceae,,Galarhoeus,,"esula",f.,"maackii","(Meinsh.) Hurus.",Synonym,,L,WCSP,349226,,"J. Fac. Sci. Univ. Tokyo, Sect. 3, Bot.","6: 248","","1954",kew-79567
kew-349217,A,Euphorbiaceae,,Galarhoeus,,"esula",subsp.,"nakaii","(Hurus.) Hurus.",Synonym,,L,WCSP,349217,,"J. Fac. Sci. Univ. Tokyo, Sect. 3, Bot.","6: 246","","1954",kew-79567
kew-349218,A,Euphorbiaceae,,Galarhoeus,,"esula",var.,"nakaii","(Hurus.) Hurus.",Synonym,,L,WCSP,349218,,"J. Fac. Sci. Univ. Tokyo, Sect. 3, Bot.","6: 246","","1954",kew-79567
kew-349233,A,Euphorbiaceae,,Galarhoeus,,"esula",var.,"subcordatus","(C.A.Mey. ex Ledeb.) Hurus.",Synonym,,L,WCSP,349233,,"J. Fac. Sci. Univ. Tokyo, Sect. 3, Bot.","6: 249","","1954",kew-82368
kew-246589,A,Euphorbiaceae,,Galarhoeus,,"falcatus",,"","(L.) Prokh.",Synonym,,H,WCSP,246589,994231-1,"Trudy Kuibyshevsk. Bot. Sada","1: 35","","1941",kew-79628
kew-246590,A,Euphorbiaceae,,Galarhoeus,,"fischerianus",,"","(Steud.) Kitag.",Synonym,,H,WCSP,246590,349066-1,"Rep. Inst. Sci. Res. Manchoukuo","1: 296","","1937",kew-79685
kew-246591,A,Euphorbiaceae,,Galarhoeus,,"flavicomus",,"","(DC.) Fourr.",Synonym,,H,WCSP,246591,349067-1,"Ann. Soc. Linn. Lyon","n.s., 17: 149","","1869",kew-79695
kew-246592,A,Euphorbiaceae,,Galarhoeus,,"floridanus",,"","(Chapm.) Small",Synonym,,H,WCSP,246592,106768-2,"Man. S.E. Fl.","801","","1933",kew-79718
kew-349255,A,Euphorbiaceae,,Galarhoeus,,"formosana",var.,"hayatae","Hurus.",Synonym,,L,WCSP,349255,,"J. Fac. Sci. Univ. Tokyo, Sect. 3, Bot.","6: 263","","1954",kew-80373
kew-246593,A,Euphorbiaceae,,Galarhoeus,,"formosanus",,"","(Hayata) H.Hara",Synonym,,H,WCSP,246593,349069-1,"J. Jap. Bot.","14: 356","","1938",kew-80373
tro-50117911,A,Euphorbiaceae,,Galarhoeus,,"formosanus",,"","(Hayata) Hurus.",Synonym,,M,TRO,50117911,,"J. Fac. Sci. Univ. Tokyo, Sect. 3, Bot.","6(6): 261, f. 26","261","1954",kew-80373
kew-453588,A,Euphorbiaceae,,Galarhoeus,,"formosanus",var.,"hayatae","Hurus.",Synonym,,L,WCSP,453588,,"J. Fac. Sci. Univ. Tokyo, Sect. 3, Bot.","6: 263","","1954",kew-80373
kew-246594,A,Euphorbiaceae,,Galarhoeus,,"genistoides",,"","(P.J.Bergius) Haw.",Synonym,,H,WCSP,246594,349070-1,"Syn. Pl. Succ.","144","","1812",kew-79820
kew-246595,A,Euphorbiaceae,,Galarhoeus,,"glareosus",,"","(Pall. ex M.Bieb.) Prokh.",Synonym,,H,WCSP,246595,994233-1,"Trudy Kuibyshevsk. Bot. Sada","1: 40","","1941",kew-79864
kew-246596,A,Euphorbiaceae,,Galarhoeus,,"gmelinii",,"","(Steud.) Prokh.",Synonym,,H,WCSP,246596,994243-1,"Trudy Kuibyshevsk. Bot. Sada","1: 50","","1941",kew-79567
kew-246597,A,Euphorbiaceae,,Galarhoeus,,"hakutosanensis",,"","(Hurus.) Hurus.",Synonym,,H,WCSP,246597,349072-1,"J. Fac. Sci. Univ. Tokyo, Sect. 3, Bot.","6: 261","","1954",kew-80011
kew-246598,A,Euphorbiaceae,,Galarhoeus,,"helioscopius",,"","(L.) Haw.",Synonym,,H,WCSP,246598,349073-1,"Syn. Pl. Succ.","152","","1812",kew-80043
kew-85128,A,Euphorbiaceae,,Galarhoeus,,"helioscopius",f.,"litoralis","Hurus.",Synonym,,L,WCSP,85128,,"J. Fac. Sci. Univ. Tokyo, Sect. 3, Bot.","6: 238","","1954",kew-80043
kew-85129,A,Euphorbiaceae,,Galarhoeus,,"helioscopius",f.,"pilosus","Hurus.",Synonym,,L,WCSP,85129,,"J. Fac. Sci. Univ. Tokyo, Sect. 3, Bot.","6: 237","","1954",kew-80043
kew-246599,A,Euphorbiaceae,,Galarhoeus,,"hippocrepicus",,"","(Hemsl.) Hurus.",Synonym,,H,WCSP,246599,349074-1,"J. Fac. Sci. Univ. Tokyo, Sect. 3, Bot.","6: 240","","1954",kew-82206
kew-246600,A,Euphorbiaceae,,Galarhoeus,,"hybernus",,"","(L.) Haw.",Synonym,,H,WCSP,246600,349075-1,"Syn. Pl. Succ.","145","","1812",kew-80209
kew-246601,A,Euphorbiaceae,,Galarhoeus,,"ibericus",,"","(Boiss.) Prokh.",Synonym,,H,WCSP,246601,994249-1,"Trudy Kuibyshevsk. Bot. Sada","1: 71","","1941",kew-80233
kew-246602,A,Euphorbiaceae,,Galarhoeus,,"imbricatus",,"","(Vahl) Haw.",Synonym,,H,WCSP,246602,349077-1,"Syn. Pl. Succ.","145","","1812",kew-81627
kew-371006,A,Euphorbiaceae,,Galarhoeus,,"inderiensis",,"","(Less. ex Kar. & Kir.) Prokh. ex Lapin",Synonym,,H,WCSP,371006,,"Opred. Rast. Taschkentsk.","1: 193","","1938",kew-80275
kew-246603,A,Euphorbiaceae,,Galarhoeus,,"inundatus",,"","(Torr. ex Chapm.) Small",Synonym,,H,WCSP,246603,106769-2,"Man. S.E. Fl.","801","","1933",kew-80318
kew-246604,A,Euphorbiaceae,,Galarhoeus,,"irgisensis",,"","(Litv.) Prokh.",Synonym,,H,WCSP,246604,994238-1,"Trudy Kuibyshevsk. Bot. Sada","1: 46","","1941",kew-80329
kew-246605,A,Euphorbiaceae,,Galarhoeus,,"issykkulensis",,"","(Prokh.) Prokh.",Synonym,,H,WCSP,246605,994224-1,"Trudy Kuibyshevsk. Bot. Sada","1: 26","","1941",kew-82571
kew-246606,A,Euphorbiaceae,,Galarhoeus,,"jolkinii",,"","(Boiss.) H.Hara",Synonym,,H,WCSP,246606,349079-1,"J. Jap. Bot.","11: 385","","1935",kew-80373
kew-85130,A,Euphorbiaceae,,Galarhoeus,,"jolkinii",f.,"insularis","Hurus.",Synonym,,L,WCSP,85130,,"J. Fac. Sci. Univ. Tokyo, Sect. 3, Bot.","6: 254","","1954",kew-80373
kew-246607,A,Euphorbiaceae,,Galarhoeus,,"junceus",,"","(Aiton) Haw.",Synonym,,H,WCSP,246607,349080-1,"Syn. Pl. Succ.","150","","1812",kew-78259
kew-246608,A,Euphorbiaceae,,Galarhoeus,,"kaleniczenkii",,"","(Czern.) Kitag.",Synonym,,H,WCSP,246608,349081-1,"Rep. Inst. Sci. Res. Manchoukuo","1: 263","","1937",kew-79567
kew-246609,A,Euphorbiaceae,,Galarhoeus,,"kitagawae",,"","(Hurus.) Hurus.",Synonym,,H,WCSP,246609,349082-1,"J. Fac. Sci. Univ. Tokyo, Sect. 3, Bot.","6: 240","","1954",kew-80431
kew-85131,A,Euphorbiaceae,,Galarhoeus,,"kudrjaschevii",,"","Pazij",Synonym,,H,WCSP,85131,349083-1,"Bot. Mater. Gerb. Inst. Bot. Zool. Akad. Nauk Uzbeksk. S.S.R.","11: 27","","1948",kew-80457
kew-246610,A,Euphorbiaceae,,Galarhoeus,,"lamprocarpus",,"","(Prokh.) Prokh.",Synonym,,H,WCSP,246610,994226-1,"Trudy Kuibyshevsk. Bot. Sada","1: 27","","1941",kew-80491
kew-246611,A,Euphorbiaceae,,Galarhoeus,,"lasiocaulus",,"","(Boiss.) Hurus.",Synonym,,H,WCSP,246611,349085-1,"J. Fac. Sci. Univ. Tokyo, Sect. 3, Bot.","6: 263","","1954",kew-81385
kew-349258,A,Euphorbiaceae,,Galarhoeus,,"lasiocaulus",f.,"densifolius","(H.Hara) Hurus.",Synonym,,L,WCSP,349258,,"J. Fac. Sci. Univ. Tokyo, Sect. 3, Bot.","6: 264","","1954",kew-81385
kew-349262,A,Euphorbiaceae,,Galarhoeus,,"lasiocaulus",var.,"ibukiensis","(Hurus.) Hurus.",Synonym,,L,WCSP,349262,,"J. Fac. Sci. Univ. Tokyo, Sect. 3, Bot.","6: 265","","1954",kew-81385
kew-85132,A,Euphorbiaceae,,Galarhoeus,,"lasiocaulus",f.,"maritimus","(H.Hara) Hurus.",Synonym,,L,WCSP,85132,50988537-1,"J. Fac. Sci. Univ. Tokyo, Sect. 3, Bot.","6: 267","","1954",kew-81385
kew-349261,A,Euphorbiaceae,,Galarhoeus,,"lasiocaulus",f.,"miyagiensis","Hurus.",Synonym,,L,WCSP,349261,,"J. Fac. Sci. Univ. Tokyo, Sect. 3, Bot.","6: 265","","1954",kew-81385
kew-349264,A,Euphorbiaceae,,Galarhoeus,,"lasiocaulus",f.,"nikoensis","Hurus.",Synonym,,L,WCSP,349264,,"J. Fac. Sci. Univ. Tokyo, Sect. 3, Bot.","6: 267","","1954",kew-81385
kew-85133,A,Euphorbiaceae,,Galarhoeus,,"lasiocaulus",var.,"pseudolucorum","Hurus.",Synonym,,L,WCSP,85133,,"J. Fac. Sci. Univ. Tokyo, Sect. 3, Bot.","6: 267","","1954",kew-81385
kew-349263,A,Euphorbiaceae,,Galarhoeus,,"lasiocaulus",var.,"sinanensis","(Hurus.) Hurus.",Synonym,,L,WCSP,349263,,"J. Fac. Sci. Univ. Tokyo, Sect. 3, Bot.","6: 265","","1954",kew-81385
kew-349257,A,Euphorbiaceae,,Galarhoeus,,"lasiocaulus",f.,"vulgaris","(H.Hara) Hurus.",Synonym,,L,WCSP,349257,,"J. Fac. Sci. Univ. Tokyo, Sect. 3, Bot.","6: 264","","1954",kew-81385
kew-85134,A,Euphorbiaceae,,Galarhoeus,,"lasiocaulus",var.,"watanabei","(Makino) Hurus.",Synonym,,L,WCSP,85134,,"J. Fac. Sci. Univ. Tokyo, Sect. 3, Bot.","6: 264","","1954",kew-82805
kew-246612,A,Euphorbiaceae,,Galarhoeus,,"lathyris",,"","(L.) Haw.",Synonym,,H,WCSP,246612,349086-1,"Syn. Pl. Succ.","143","","1812",kew-80521
kew-246613,A,Euphorbiaceae,,Galarhoeus,,"latifolius",,"","(C.A.Mey. ex Ledeb.) Prokh.",Synonym,,H,WCSP,246613,994250-1,"Trudy Kuibyshevsk. Bot. Sada","1: 73","","1941",kew-80525
kew-246614,A,Euphorbiaceae,,Galarhoeus,,"leptocaulus",,"","(Boiss.) Prokh.",Synonym,,H,WCSP,246614,994240-1,"Trudy Kuibyshevsk. Bot. Sada","1: 46","","1941",kew-80557
kew-246615,A,Euphorbiaceae,,Galarhoeus,,"linifolius",,"","(Nath. ex L.) Haw.",Synonym,,H,WCSP,246615,349087-1,"Syn. Pl. Succ.","150","","1812",kew-82104
kew-246616,A,Euphorbiaceae,,Galarhoeus,,"literatus",,"","(Jacq.) Haw.",Synonym,,H,WCSP,246616,349088-1,"Syn. Pl. Succ.","151","","1812",kew-81551
kew-246617,A,Euphorbiaceae,,Galarhoeus,,"lucidus",,"","(Waldst. & Kit.) Rydb.",Synonym,,H,WCSP,246617,106770-2,"Brittonia","1: 93","","1931",kew-80663
kew-246618,A,Euphorbiaceae,,Galarhoeus,,"lucorum",,"","(Rupr.) Kitag.",Synonym,,H,WCSP,246618,349091-1,"Bull. Inst. Sc. Res. Manchoukuo","1(3): 3","","1937",kew-80673
kew-349238,A,Euphorbiaceae,,Galarhoeus,,"lucorum",f.,"glabratus","(Maxim.) Hurus.",Synonym,,L,WCSP,349238,,"J. Fac. Sci. Univ. Tokyo, Sect. 3, Bot.","6: 254","","1954",kew-80673
kew-349244,A,Euphorbiaceae,,Galarhoeus,,"lucorum",f.,"latifolius","(Hurus.) Hurus.",Synonym,,L,WCSP,349244,,"J. Fac. Sci. Univ. Tokyo, Sect. 3, Bot.","6: 255","","1954",kew-80673
kew-349243,A,Euphorbiaceae,,Galarhoeus,,"lucorum",f.,"simplicior","(Rupr.) Hurus.",Synonym,,L,WCSP,349243,,"J. Fac. Sci. Univ. Tokyo, Sect. 3, Bot.","6: 255","","1954",kew-80673
kew-246619,A,Euphorbiaceae,,Galarhoeus,,"lunulatus",,"","(Bunge) Kitag.",Synonym,,H,WCSP,246619,349092-1,"Rep. Exped. Manchoukou Sect. IV","4: 89","","1936",kew-79567
kew-349209,A,Euphorbiaceae,,Galarhoeus,,"lunulatus",var.,"obtusifolius","(Hurus.) Hurus.",Synonym,,L,WCSP,349209,,"J. Fac. Sci. Univ. Tokyo, Sect. 3, Bot.","6: 239","","1954",kew-79567
kew-246620,A,Euphorbiaceae,,Galarhoeus,,"luticola",,"","(Hand.-Mazz.) Hurus.",Synonym,,H,WCSP,246620,349093-1,"J. Fac. Sci. Univ. Tokyo, Sect. 3, Bot.","6: 250","","1954",kew-82206
kew-246621,A,Euphorbiaceae,,Galarhoeus,,"mandshuricus",,"","(Maxim.) Kitag.",Synonym,,H,WCSP,246621,349094-1,"Bull. Inst. Sc. Res. Manchoukuo","1(3): 4","","1937",kew-79567
kew-246622,A,Euphorbiaceae,,Galarhoeus,,"micranthus",,"","(Stephan ex Willd.) Haw.",Synonym,,H,WCSP,246622,349095-1,"Syn. Pl. Succ.","152","","1812",kew-82351
kew-246623,A,Euphorbiaceae,,Galarhoeus,,"missouriensis",,"","(Norton) Rydb.",Synonym,,H,WCSP,246623,106771-2,"Brittonia","1: 93","","1931",kew-82267
kew-246624,A,Euphorbiaceae,,Galarhoeus,,"myrsinites",,"","(L.) Haw.",Synonym,,H,WCSP,246624,349097-1,"Syn. Pl. Succ.","144","","1812",kew-81029
kew-246625,A,Euphorbiaceae,,Galarhoeus,,"nematocypha",,"","(Hand.-Mazz.) Hurus.",Synonym,,H,WCSP,246625,349099-1,"J. Fac. Sci. Univ. Tokyo, Sect. 3, Bot.","6: 254","","1954",kew-80373
kew-246626,A,Euphorbiaceae,,Galarhoeus,,"nicaeensis",,"","(All.) Haw.",Synonym,,H,WCSP,246626,349100-1,"Syn. Pl. Succ.","144","","1812",kew-81093
kew-246627,A,Euphorbiaceae,,Galarhoeus,,"nudus",,"","(Velen.) Prokh.",Synonym,,H,WCSP,246627,994225-1,"Trudy Kuibyshevsk. Bot. Sada","1: 27","","1941",kew-81139
kew-246628,A,Euphorbiaceae,,Galarhoeus,,"obtusatus",,"","(Pursh) Small ex Rydb.",Synonym,,H,WCSP,246628,106772-2,"Fl. Plains N. Amer.","520","","1932",kew-82267
kew-246629,A,Euphorbiaceae,,Galarhoeus,,"orientalis",,"","(L.) Haw.",Synonym,,H,WCSP,246629,349102-1,"Syn. Pl. Succ.","148","","1812",kew-81250
kew-246630,A,Euphorbiaceae,,Galarhoeus,,"pallasii",,"","(Turcz. ex Ledeb.) Hatus. ex Hurus.",Synonym,,H,WCSP,246630,349103-1,"J. Fac. Sci. Univ. Tokyo, Sect. 3, Bot.","6: 238","","1954",kew-79685
kew-349208,A,Euphorbiaceae,,Galarhoeus,,"pallasii",f.,"pilosus","(Regel) Hurus.",Synonym,,L,WCSP,349208,,"J. Fac. Sci. Univ. Tokyo, Sect. 3, Bot.","6: 239","","1954",kew-80215
kew-246631,A,Euphorbiaceae,,Galarhoeus,,"palustris",,"","(L.) Haw.",Synonym,,H,WCSP,246631,349104-1,"Syn. Pl. Succ.","145","","1812",kew-81302
kew-246632,A,Euphorbiaceae,,Galarhoeus,,"paralias",,"","(L.) Haw.",Synonym,,H,WCSP,246632,349105-1,"Syn. Pl. Succ.","144","","1812",kew-81334
kew-246633,A,Euphorbiaceae,,Galarhoeus,,"pekinensis",,"","(Rupr.) H.Hara",Synonym,,H,WCSP,246633,349106-1,"J. Jap. Bot.","11: 386","","1935",kew-81385
kew-349246,A,Euphorbiaceae,,Galarhoeus,,"pekinensis",var.,"attenuatus","(Hurus.) Hurus.",Synonym,,L,WCSP,349246,,"J. Fac. Sci. Univ. Tokyo, Sect. 3, Bot.","6: 255","","1954",kew-81385
kew-349189,A,Euphorbiaceae,,Galarhoeus,,"pekinensis",subsp.,"barbellatus","Hurus.",Synonym,,L,WCSP,349189,,"J. Fac. Sci. Univ. Tokyo, Sect. 3, Bot.","6: 257","","1954",kew-81385
kew-349259,A,Euphorbiaceae,,Galarhoeus,,"pekinensis",f.,"densifolius","H.Hara",Synonym,,L,WCSP,349259,,"J. Jap. Bot.","11: 386","","1935",kew-81385
kew-349191,A,Euphorbiaceae,,Galarhoeus,,"pekinensis",f.,"denudatus","(Hurus.) Hurus.",Synonym,,L,WCSP,349191,,"J. Fac. Sci. Univ. Tokyo, Sect. 3, Bot.","6: 259","","1954",kew-81385
kew-349251,A,Euphorbiaceae,,Galarhoeus,,"pekinensis",subsp.,"fauriei","(H.Lév. & Vaniot) Hurus.",Synonym,,L,WCSP,349251,,"J. Fac. Sci. Univ. Tokyo, Sect. 3, Bot.","6: 259","","1954",kew-79652
kew-349252,A,Euphorbiaceae,,Galarhoeus,,"pekinensis",var.,"fauriei","(H.Lév. & Vaniot) Hurus.",Synonym,,L,WCSP,349252,,"J. Fac. Sci. Univ. Tokyo, Sect. 3, Bot.","6: 259","","1954",kew-79652
kew-349245,A,Euphorbiaceae,,Galarhoeus,,"pekinensis",var.,"hupehensis","(Hurus.) Hurus.",Synonym,,L,WCSP,349245,,"J. Fac. Sci. Univ. Tokyo, Sect. 3, Bot.","6: 255","","1954",kew-81385
kew-349190,A,Euphorbiaceae,,Galarhoeus,,"pekinensis",var.,"imaii","(Hurus.) Hurus.",Synonym,,L,WCSP,349190,,"J. Fac. Sci. Univ. Tokyo, Sect. 3, Bot.","6: 259","","1954",kew-81385
kew-349254,A,Euphorbiaceae,,Galarhoeus,,"pekinensis",var.,"intermedius","Hurus.",Synonym,,L,WCSP,349254,,"J. Fac. Sci. Univ. Tokyo, Sect. 3, Bot.","6: 260","","1954",kew-79652
kew-349249,A,Euphorbiaceae,,Galarhoeus,,"pekinensis",subsp.,"lanceolatus","Hurus.",Synonym,,L,WCSP,349249,,"J. Fac. Sci. Univ. Tokyo, Sect. 3, Bot.","6: 256","","1954",kew-81385
kew-349260,A,Euphorbiaceae,,Galarhoeus,,"pekinensis",f.,"maritimus","H.Hara",Synonym,,L,WCSP,349260,,"J. Jap. Bot.","11: 386","","1935",kew-81385
kew-349248,A,Euphorbiaceae,,Galarhoeus,,"pekinensis",var.,"sinensis","(Jesson & Turrill) Hurus.",Synonym,,L,WCSP,349248,,"J. Fac. Sci. Univ. Tokyo, Sect. 3, Bot.","6: 256","","1954",kew-81385
kew-349250,A,Euphorbiaceae,,Galarhoeus,,"pekinensis",subsp.,"subulatifolius","(Hurus.) Hurus.",Synonym,,L,WCSP,349250,,"J. Fac. Sci. Univ. Tokyo, Sect. 3, Bot.","6: 258","","1954",kew-81385
kew-349256,A,Euphorbiaceae,,Galarhoeus,,"pekinensis",f.,"vulgaris","H.Hara",Synonym,,L,WCSP,349256,,"J. Jap. Bot.","11: 386","","1935",kew-81385
kew-246634,A,Euphorbiaceae,,Galarhoeus,,"peplus",,"","(L.) Prokh.",Synonym,,H,WCSP,246634,994230-1,"Trudy Kuibyshevsk. Bot. Sada","1: 34","","1941",kew-81421
tro-12805108,A,Euphorbiaceae,,Galarhoeus,,"peplus",,"","(L.) Haw. ex Rydb.",Synonym,,M,TRO,12805108,1150816-2,"Fl. Plains N. Amer.","520","520","1932",kew-81421
kew-246635,A,Euphorbiaceae,,Galarhoeus,,"petrophilus",,"","(C.A.Mey.) Prokh.",Synonym,,H,WCSP,246635,994234-1,"Trudy Kuibyshevsk. Bot. Sada","1: 40","","1941",kew-81471
kew-246636,A,Euphorbiaceae,,Galarhoeus,,"pilosus",,"","(L.) Haw.",Synonym,,H,WCSP,246636,349107-1,"Syn. Pl. Succ.","148","","1812",kew-81501
kew-246637,A,Euphorbiaceae,,Galarhoeus,,"pithyusa",,"","(L.) Haw.",Synonym,,H,WCSP,246637,349108-1,"Syn. Pl. Succ.","147","","1812",kew-81535
kew-246638,A,Euphorbiaceae,,Galarhoeus,,"platyphyllus",,"","(L.) Haw.",Synonym,,H,WCSP,246638,349109-1,"Syn. Pl. Succ.","151","","1812",kew-81549
kew-246639,A,Euphorbiaceae,,Galarhoeus,,"praecox",,"","(Boiss.) Prokh.",Synonym,,H,WCSP,246639,994242-1,"Trudy Kuibyshevsk. Bot. Sada","1: 48","","1941",kew-81656
kew-246640,A,Euphorbiaceae,,Galarhoeus,,"procerus",,"","(M.Bieb.) Prokh.",Synonym,,H,WCSP,246640,994229-1,"Trudy Kuibyshevsk. Bot. Sada","1: 33","","1941",kew-81669
kew-246641,A,Euphorbiaceae,,Galarhoeus,,"pseudagrarius",,"","(P.A.Smirn.) Prokh.",Synonym,,H,WCSP,246641,941795-1,"Trudy Kuibyshevsk. Bot. Sada","1: 68","","1941",kew-79567
kew-246642,A,Euphorbiaceae,,Galarhoeus,,"pubescens",,"","(Vahl) Fourr.",Synonym,,H,WCSP,246642,349110-1,"Ann. Soc. Linn. Lyon","n.s., 17: 149","","1869",kew-80134
kew-246643,A,Euphorbiaceae,,Galarhoeus,,"rigidus",,"","(M.Bieb.) Haw.",Synonym,,H,WCSP,246643,349111-1,"Syn. Pl. Succ.","150","","1812",kew-81910
kew-246644,A,Euphorbiaceae,,Galarhoeus,,"robustus",,"","(Engelm.) Rydb.",Synonym,,H,WCSP,246644,106773-2,"Brittonia","1: 93","","1931",kew-78700
kew-246645,A,Euphorbiaceae,,Galarhoeus,,"salicifolius",,"","(Host) Haw.",Synonym,,H,WCSP,246645,349113-1,"Syn. Pl. Succ.","148","","1812",kew-81997
kew-246646,A,Euphorbiaceae,,Galarhoeus,,"sampsonii",,"","(Hance) Hurus.",Synonym,,H,WCSP,246646,349114-1,"J. Fac. Sci. Univ. Tokyo, Sect. 3, Bot.","6: 255","","1954",kew-81385
kew-246647,A,Euphorbiaceae,,Galarhoeus,,"sareptanus",,"","(Becker) Prokh.",Synonym,,H,WCSP,246647,994239-1,"Trudy Kuibyshevsk. Bot. Sada","1: 46","","1941",kew-82027
kew-246648,A,Euphorbiaceae,,Galarhoeus,,"seguierianus",,"","(Neck.) Prokh.",Synonym,,H,WCSP,246648,994235-1,"Trudy Kuibyshevsk. Bot. Sada","1: 41","","1941",kew-82108
kew-246649,A,Euphorbiaceae,,Galarhoeus,,"semivillosus",,"","(Prokh.) Prokh.",Synonym,,H,WCSP,246649,994227-1,"Trudy Kuibyshevsk. Bot. Sada","1: 31","","1941",kew-82130
kew-246650,A,Euphorbiaceae,,Galarhoeus,,"sendaicus",,"","(Makino) H.Hara",Synonym,,H,WCSP,246650,349115-1,"J. Jap. Bot.","11: 388","","1935",kew-82132
kew-85135,A,Euphorbiaceae,,Galarhoeus,,"sendaicus",var.,"musashiensis","Hurus.",Synonym,,L,WCSP,85135,,"J. Fac. Sci. Univ. Tokyo, Sect. 3, Bot.","6: 240","","1954",kew-82132
kew-246651,A,Euphorbiaceae,,Galarhoeus,,"serratus",,"","(L.) Haw.",Synonym,,H,WCSP,246651,349116-1,"Syn. Pl. Succ.","149","","1812",kew-82170
kew-246652,A,Euphorbiaceae,,Galarhoeus,,"shouanensis",,"","(H.Keng) Hurus.",Synonym,,H,WCSP,246652,349117-1,"J. Fac. Sci. Univ. Tokyo, Sect. 3, Bot.","6: 263","","1954",kew-80373
tro-50117913,A,Euphorbiaceae,,Galarhoeus,,"shouanensis",,"","(H. Keng) Keng",Synonym,,M,TRO,50117913,,"Quart. J. Taiwan Mus.","4: 257","257","1951",kew-80373
kew-246653,A,Euphorbiaceae,,Galarhoeus,,"sieboldianus",,"","(C.Morren & Decne.) H.Hara",Synonym,,H,WCSP,246653,349118-1,"J. Jap. Bot.","11: 388","","1935",kew-82206
kew-85136,A,Euphorbiaceae,,Galarhoeus,,"sieboldianus",f.,"grandifolius","Franch. & Sav. ex Hurus.",Synonym,,L,WCSP,85136,,"J. Fac. Sci. Univ. Tokyo, Sect. 3, Bot.","6: 243","","1954",kew-82206
kew-349211,A,Euphorbiaceae,,Galarhoeus,,"sieboldianus",var.,"idzuensis","Hurus.",Synonym,,L,WCSP,349211,,"J. Fac. Sci. Univ. Tokyo, Sect. 3, Bot.","6: 243","","1954",kew-82206
kew-349216,A,Euphorbiaceae,,Galarhoeus,,"sieboldianus",var.,"miyajimensis","Hurus.",Synonym,,L,WCSP,349216,,"J. Fac. Sci. Univ. Tokyo, Sect. 3, Bot.","6: 246","","1954",kew-82206
kew-349212,A,Euphorbiaceae,,Galarhoeus,,"sieboldianus",var.,"montanus","(Tatew.) H.Hara",Synonym,,L,WCSP,349212,,"J. Jap. Bot.","11: 389","","1935",kew-82206
kew-85137,A,Euphorbiaceae,,Galarhoeus,,"sieboldianus",var.,"ohsumiensis","Hurus.",Synonym,,L,WCSP,85137,,"J. Fac. Sci. Univ. Tokyo, Sect. 3, Bot.","6: 246","","1954",kew-82206
kew-349214,A,Euphorbiaceae,,Galarhoeus,,"sieboldianus",f.,"peninsularis","(Hurus.) Hurus.",Synonym,,L,WCSP,349214,,"J. Fac. Sci. Univ. Tokyo, Sect. 3, Bot.","6: 245","","1954",kew-82206
kew-349215,A,Euphorbiaceae,,Galarhoeus,,"sieboldianus",var.,"shikokianus","Hurus.",Synonym,,L,WCSP,349215,,"J. Fac. Sci. Univ. Tokyo, Sect. 3, Bot.","6: 246","","1954",kew-82206
kew-246654,A,Euphorbiaceae,,Galarhoeus,,"soongaricus",,"","(Boiss.) Prokh.",Synonym,,H,WCSP,246654,994218-1,"Trudy Kuibyshevsk. Bot. Sada","1: 21","","1941",kew-82256
kew-85138,A,Euphorbiaceae,,Galarhoeus,,"spathulifolius",,"","Haw.",Unresolved,,L,WCSP,85138,349119-1,"Syn. Pl. Succ.","146","","1812",
kew-246656,A,Euphorbiaceae,,Galarhoeus,,"spinosus",,"","(L.) Haw.",Synonym,,H,WCSP,246656,349120-1,"Syn. Pl. Succ.","149","","1812",kew-82280
kew-246657,A,Euphorbiaceae,,Galarhoeus,,"strictus",,"","(L.) Haw.",Synonym,,H,WCSP,246657,349121-1,"Syn. Pl. Succ.","151","","1812",kew-82351
kew-246658,A,Euphorbiaceae,,Galarhoeus,,"subcordatus",,"","(C.A.Mey. ex Ledeb.) Prokh.",Synonym,,H,WCSP,246658,994246-1,"Trudy Kuibyshevsk. Bot. Sada","1: 60","","1941",kew-82368
kew-85139,A,Euphorbiaceae,,Galarhoeus,,"subtilis",,"","Prokh.",Synonym,,H,WCSP,85139,994241-1,"Trudy Kuibyshevsk. Bot. Sada","1: 48","","1941",kew-80881
kew-246659,A,Euphorbiaceae,,Galarhoeus,,"tanguticus",,"","(Prokh.) Prokh.",Synonym,,H,WCSP,246659,994220-1,"Trudy Kuibyshevsk. Bot. Sada","1: 26","","1941",kew-80876
kew-246660,A,Euphorbiaceae,,Galarhoeus,,"tarokoensis",,"","(Hayata) H.Hara",Synonym,,H,WCSP,246660,349123-1,"J. Jap. Bot.","14: 356","","1938",kew-79567
kew-246661,A,Euphorbiaceae,,Galarhoeus,,"telephioides",,"","(Chapm.) Small",Synonym,,H,WCSP,246661,106774-2,"Man. S.E. Fl.","801","","1933",kew-82474
kew-246662,A,Euphorbiaceae,,Galarhoeus,,"tibeticus",,"","(Boiss.) Prokh.",Synonym,,H,WCSP,246662,994222-1,"Trudy Kuibyshevsk. Bot. Sada","1: 26","","1941",kew-82534
kew-246663,A,Euphorbiaceae,,Galarhoeus,,"togakusensis",,"","(Hayata) H.Hara",Synonym,,H,WCSP,246663,349125-1,"J. Jap. Bot.","11: 389","","1935",kew-82544
kew-349266,A,Euphorbiaceae,,Galarhoeus,,"togakusensis",var.,"acuminatus","(Hurus.) Hurus.",Synonym,,L,WCSP,349266,,"J. Fac. Sci. Univ. Tokyo, Sect. 3, Bot.","6: 269","","1954",kew-82544
kew-85140,A,Euphorbiaceae,,Galarhoeus,,"togakusensis",f.,"intermedius","Hurus.",Synonym,,L,WCSP,85140,,"J. Fac. Sci. Univ. Tokyo, Sect. 3, Bot.","6: 269","","1945",kew-82544
kew-349265,A,Euphorbiaceae,,Galarhoeus,,"togakusensis",var.,"ozensis","(Hurus.) Hurus.",Synonym,,L,WCSP,349265,,"J. Fac. Sci. Univ. Tokyo, Sect. 3, Bot.","6: 267","","1954",kew-82544
kew-246664,A,Euphorbiaceae,,Galarhoeus,,"tranzschelii",,"","(Prokh.) Prokh.",Synonym,,H,WCSP,246664,994223-1,"Trudy Kuibyshevsk. Bot. Sada","1: 26","","1941",kew-82571
kew-246665,A,Euphorbiaceae,,Galarhoeus,,"trichotomus",,"","(Kunth) Small",Synonym,,H,WCSP,246665,106775-2,"Man. S.E. Fl.","802","","1933",kew-82587
kew-246666,A,Euphorbiaceae,,Galarhoeus,,"undulatus",,"","(M.Bieb.) Prokh.",Synonym,,H,WCSP,246666,994236-1,"Trudy Kuibyshevsk. Bot. Sada","1: 43","","1941",kew-82650
kew-246667,A,Euphorbiaceae,,Galarhoeus,,"uralensis",,"","(Fisch. ex Link) Prokh.",Synonym,,H,WCSP,246667,994244-1,"Trudy Kuibyshevsk. Bot. Sada","1: 54","","1941",kew-79590
kew-246668,A,Euphorbiaceae,,Galarhoeus,,"verrucosus",,"","(L.) Haw.",Synonym,,H,WCSP,246668,349127-1,"Syn. Pl. Succ.","148","","1812",kew-82718
kew-246669,A,Euphorbiaceae,,Galarhoeus,,"villosus",,"","(Waldst. & Kit. ex Willd.) Prokh.",Synonym,,H,WCSP,246669,994228-1,"Trudy Kuibyshevsk. Bot. Sada","1: 33","","1941",kew-80237
kew-246670,A,Euphorbiaceae,,Galarhoeus,,"virgatus",,"","(Waldst. & Kit.) Prokh.",Synonym,,H,WCSP,246670,994245-1,"Trudy Kuibyshevsk. Bot. Sada","1: 58","","1941",kew-79590
kew-246671,A,Euphorbiaceae,,Galarhoeus,,"volgensis",,"","(Krysht.) Prokh.",Synonym,,H,WCSP,246671,994232-1,"Trudy Kuibyshevsk. Bot. Sada","1: 38","","1941",kew-79864
kew-246672,A,Euphorbiaceae,,Galarhoeus,,"watanabei",,"","(Makino) H.Hara",Synonym,,H,WCSP,246672,349128-1,"J. Jap. Bot.","11: 389","","1935",kew-82805
kew-85141,A,Euphorbiaceae,,Galarhoeus,×,"zhiguliensis",,"","Prokh.",Synonym,,H,WCSP,85141,928286-1,"Trudy Kuibyshevsk. Bot. Sada","1: 64","","1941",kew-82864
