ID,Major group,Family,Genus hybrid marker,Genus,Species hybrid marker,Species,Infraspecific rank,Infraspecific epithet,Authorship,Taxonomic status in TPL,Nomenclatural status from original data source,Confidence level,Source,Source id,IPNI id,Publication,Collation,Page,Date,Accepted ID
kew-367581,A,Chrysobalanaceae,,Chrysobalanus,,"americanus",,"","(L.) Morales",Synonym,,H,WCSP,367581,57581-2,"Anales Acad. Ci. Méd. Habana","23: 391","","1887",kew-370608
kew-367582,A,Chrysobalanaceae,,Chrysobalanus,,"atacorensis",,"","A.Chev.",Synonym,,H,WCSP,367582,722176-1,"Bull. Soc. Bot. France","58(8): 169","","1911 publ. 1912",kew-367590
kew-367583,A,Chrysobalanaceae,,Chrysobalanus,,"chariensis",,"","A.Chev.",Synonym,Invalid,H,WCSP,367583,722177-1,"Etudes Fl. Afr. Centr. Franc.","1: 117","","1913",kew-367590
kew-367584,A,Chrysobalanaceae,,Chrysobalanus,,"cuspidatus",,"","Griseb. ex Duss",Accepted,,H,WCSP,367584,,"Fl. Phan. Antill. Franç.","258","","1897",
kew-367585,A,Chrysobalanaceae,,Chrysobalanus,,"ellipticus",,"","Sol. ex Sabine",Synonym,,H,WCSP,367585,722179-1,"Trans. Hort. Soc. London","5: 453","","1824",kew-367588
kew-367586,A,Chrysobalanaceae,,Chrysobalanus,,"guianensis",,"","Klotzsch",Synonym,Invalid,H,WCSP,367586,,"Reis. Br.-Guiana","1024","","1848",kew-367588
kew-367587,A,Chrysobalanaceae,,Chrysobalanus,,"humilis",,"","(Cham. & Schltdl.) Kuntze",Synonym,,H,WCSP,367587,,"Revis. Gen. Pl.","3(2): 76","","1898",kew-353740
kew-367588,A,Chrysobalanaceae,,Chrysobalanus,,"icaco",,"","L.",Accepted,,H,WCSP,367588,722181-1,"Sp. Pl.","513","","1753",
kew-367589,A,Chrysobalanaceae,,Chrysobalanus,,"icaco",f.,"albus","G.Klotz",Synonym,,L,WCSP,367589,915799-1,"Wiss. Z. Friedrich-Schiller-Univ. Jena, Math.-Naturwiss. Reihe","29: 461","","1980",kew-367588
kew-367590,A,Chrysobalanaceae,,Chrysobalanus,,"icaco",subsp.,"atacorensis","(A.Chev.) F.White",Accepted,,L,WCSP,367590,876195-1,"Bull. Jard. Bot. Natl. Belg.","46: 275","","1976",
kew-367592,A,Chrysobalanaceae,,Chrysobalanus,,"icaco",subsp.,"ellipticus","(Sol. ex Sabine) Souza",Synonym,,L,WCSP,367592,919440-1,"Ann. Univ. Abidjan, C","15: 101","","1979 publ. 1980",kew-367588
kew-452714,A,Chrysobalanaceae,,Chrysobalanus,,"icaco",var.,"ellipticus","(Sol. ex Sabine) Hook.f.",Synonym,,L,WCSP,452714,57583-2,"Fl. Bras.","14(2): 7","","1867",kew-367588
kew-371446,A,Chrysobalanaceae,,Chrysobalanus,,"icaco",subsp.,"icaco","",Synonym,,L,WCSP,371446,,"Unknown","","","",kew-367588
tro-7400362,A,Chrysobalanaceae,,Chrysobalanus,,"icaco",var.,"icaco","",Synonym,,L,TRO,7400362,,"","","","",kew-367588
kew-367593,A,Chrysobalanaceae,,Chrysobalanus,,"icaco",var.,"luteus","(Sabine) Souza",Synonym,,L,WCSP,367593,919441-1,"Ann. Univ. Abidjan, C","15: 104","","1979 publ. 1980",kew-367588
kew-367595,A,Chrysobalanaceae,,Chrysobalanus,,"icaco",subsp.,"orbicularis","(Schumach.) Souza",Synonym,,L,WCSP,367595,919442-1,"Ann. Univ. Abidjan, C","15: 101","","1979 publ. 1980",kew-367588
kew-367596,A,Chrysobalanaceae,,Chrysobalanus,,"icaco",var.,"pellocarpus","(G.Mey.) Hook.f.",Synonym,,L,WCSP,367596,57586-2,"Fl. Bras.","14(2): 7","","1867",kew-367588
kew-367597,A,Chrysobalanaceae,,Chrysobalanus,,"icaco",subsp.,"pellocarpus","(G.Mey.) A.E.Murray",Synonym,,L,WCSP,367597,920761-1,"Kalmia","12: 19","","1982",kew-367588
tro-100168882,A,Chrysobalanaceae,,Chrysobalanus,,"icaco",var.,"pellocarpus","(G. Mey.) Souza",Synonym,,L,TRO,100168882,919443-1,"Ann. Univ. Abidjan, C","15: 104","104","1979",kew-367588
kew-367599,A,Chrysobalanaceae,,Chrysobalanus,,"incanus",,"","Raf.",Synonym,Illegitimate,H,WCSP,367599,722182-1,"New Fl.","3: 26","","1838",kew-353082
kew-367600,A,Chrysobalanaceae,,Chrysobalanus,,"incanus",,"","(Aubl.) M.Gómez",Synonym,Illegitimate,H,WCSP,367600,57587-2,"Fl. Cuba","39","","1887",kew-353736
kew-367601,A,Chrysobalanaceae,,Chrysobalanus,,"interior",,"","Small",Synonym,,H,WCSP,367601,274577-2,"Man. S.E. Fl.","645","","1933",kew-367588
kew-367602,A,Chrysobalanaceae,,Chrysobalanus,,"luteus",,"","Sabine",Synonym,,H,WCSP,367602,722184-1,"Trans. Hort. Soc. London","5: 453","","1824",kew-367588
kew-367603,A,Chrysobalanaceae,,Chrysobalanus,,"macrophyllus",,"","Schott",Synonym,,H,WCSP,367603,57588-2,"Syst. Veg.","4(2): 407","","1827",kew-368003
tro-50211088,A,Chrysobalanaceae,,Chrysobalanus,,"mollicoma",,"","(Kunth) M. Gómez",Synonym,,M,TRO,50211088,57589-2,"Fl. Cuba","38","38","1887",kew-370608
kew-367604,A,Chrysobalanaceae,,Chrysobalanus,,"mollicomus",,"","(Kunth) M.Gómez",Synonym,,H,WCSP,367604,,"Fl. Cuba","39","","1887",kew-370608
kew-367605,A,Chrysobalanaceae,,Chrysobalanus,,"montanus",,"","(Aubl.) M.Gómez",Synonym,,H,WCSP,367605,57590-2,"Fl. Cuba","39","","1887",kew-355557
tro-50070230,_,,,Chrysobalanus,,"oblongifolius",,"","Michx.",Unresolved,,L,TRO,50070230,,"Fl. Bor.-Amer.","1: 283","283","1803",
kew-367606,A,Chrysobalanaceae,,Chrysobalanus,,"oblongifolius",,"","Michx.",Synonym,,H,WCSP,367606,57591-2,"Fl. Bor.-Amer.","1: 283","","1803",kew-353082
kew-367607,A,Chrysobalanaceae,,Chrysobalanus,,"orbicularis",,"","Schumach.",Synonym,,H,WCSP,367607,722188-1,"Beskr. Guin. Pl.","232","","1827",kew-367588
kew-367608,A,Chrysobalanaceae,,Chrysobalanus,,"ovalifolius",,"","Schott",Synonym,,H,WCSP,367608,722189-1,"Syst. Veg.","4(2): 406","","1827",kew-367983
kew-367609,A,Chrysobalanaceae,,Chrysobalanus,,"pallidus",,"","(Small) L.B.Sm.",Synonym,,H,WCSP,367609,57592-2,"Rhodora","48: 136","","1946",kew-353082
kew-367610,A,Chrysobalanaceae,,Chrysobalanus,,"pellocarpus",,"","G.Mey.",Synonym,,H,WCSP,367610,57593-2,"Prim. Fl. Esseq.","193","","1818",kew-367588
kew-367611,A,Chrysobalanaceae,,Chrysobalanus,,"prunifolius",,"","Raf.",Synonym,,H,WCSP,367611,722192-1,"New Fl.","3: 26","","1838",kew-353082
kew-367612,A,Chrysobalanaceae,,Chrysobalanus,,"purpureus",,"","Mill.",Synonym,,H,WCSP,367612,722193-1,"Gard. Dict. ed. 8","2","","1768",kew-367588
kew-367613,A,Chrysobalanaceae,,Chrysobalanus,,"racemosus",,"","Roxb.",Synonym,,H,WCSP,367613,722194-1,"Fl. Ind. ed. 1832","2: 506","","1832",kew-360818
kew-367614,A,Chrysobalanaceae,,Chrysobalanus,,"retusus",,"","Raf.",Synonym,,H,WCSP,367614,722195-1,"New Fl.","3: 26","","1838",kew-353082
kew-367615,A,Chrysobalanaceae,,Chrysobalanus,,"rugosus",,"","(Thuill. ex Pers.) M.Gómez",Synonym,,H,WCSP,367615,57594-2,"Dicc. Bot. Nom. Vulg. Cub. & Puerto-Riquenos","101","","1889",kew-370771
kew-367616,A,Chrysobalanaceae,,Chrysobalanus,,"savannarum",,"","Britton",Synonym,,H,WCSP,367616,57595-2,"Bull. Torrey Bot. Club","48: 331","","1921 publ. 1922",kew-367588
kew-367617,A,Chrysobalanaceae,,Chrysobalanus,,"stuhlmannii",,"","Engl.",Synonym,,H,WCSP,367617,722198-1,"Pflanzenw. Ost-Afrikas","C: 191","","1895",kew-367588
kew-367618,A,Chrysobalanaceae,,Chrysobalanus,,"sublanatus",,"","Kuntze",Synonym,,H,WCSP,367618,57596-2,"Revis. Gen. Pl.","3(2): 76","","1898",kew-353740
kew-367619,A,Chrysobalanaceae,,Chrysobalanus,,"subundulatus",,"","Brign.",Unresolved,,L,WCSP,367619,722200-1,"Mem. Mat. Fis. Soc. Ital. Sci. Modena, Pt. Mem. Fis.","II, 1: 71","","1862",
kew-367620,A,Chrysobalanaceae,,Chrysobalanus,,"triandrus",,"","(Sw.) Morales",Synonym,,H,WCSP,367620,57597-2,"Anales Acad. Ci. Méd. Habana","23: 390","","1887",kew-370798
kew-367621,A,Chrysobalanaceae,,Chrysobalanus,,"venezuelanus",,"","G.T.Prance",Accepted,,H,WCSP,367621,,"Fl. Neotrop. Monogr.","9S: 4","","1989",
