ID,Major group,Family,Genus hybrid marker,Genus,Species hybrid marker,Species,Infraspecific rank,Infraspecific epithet,Authorship,Taxonomic status in TPL,Nomenclatural status from original data source,Confidence level,Source,Source id,IPNI id,Publication,Collation,Page,Date,Accepted ID
kew-2838580,A,Haloragaceae,,Haloragis,,"acanthocarpa",,"","Brongn.",Synonym,,M,WCSP (in review),,430199-1,"Voy. Monde","t. 70","","1831",kew-2829823
kew-2838581,A,Haloragaceae,,Haloragis,,"aculeolata",,"","Benth.",Unresolved,,L,WCSP (in review),,430200-1,"Fl. Austral.","2: 477","","1864",
kew-2838582,A,Haloragaceae,,Haloragis,,"acutangula",,"","F.Muell.",Unresolved,,L,WCSP (in review),,430201-1,"Trans. & Proc. Victorian Inst. Advancem. Sci.","1: 125","","1855",
kew-2838595,A,Haloragaceae,,Haloragis,,"aenea",,"","Schindl.",Synonym,,M,WCSP (in review),,,"Pflanzenr.","IV, 225: 34","","1905",kew-2829876
kew-2838596,A,Haloragaceae,,Haloragis,,"aggregata",,"","Buchanan",Synonym,,M,WCSP (in review),,430203-1,"Trans. & Proc. New Zealand Inst.","4: 224","","1872",kew-2829824
kew-2838597,A,Haloragaceae,,Haloragis,,"alata",,"","Jacq.",Unresolved,,L,WCSP (in review),,,"Misc. Austriac.","2: 332","","1781",
kew-2838598,A,Haloragaceae,,Haloragis,,"alternifolia",,"","Walp.",Unresolved,,L,WCSP (in review),,430205-1,"Repert. Bot. Syst.","2: 99","","1843",kew-2838597
kew-2838599,A,Haloragaceae,,Haloragis,,"aspera",,"","Lindl.",Accepted,,M,WCSP (in review),,430206-1,"J. Exped. Trop. Australia","306","","1848",
tro-50313977,A,Haloragaceae,,Haloragis,,"asperrima",,"","Skottsb.",Synonym,,M,TRO,50313977,117131-2,"Nat. Hist. Juan Fernandez","2: 153","153","1921",tro-15000087
kew-2838601,A,Haloragaceae,,Haloragis,,"baeuerleinii",,"","F.Muell.",Unresolved,,L,WCSP (in review),,430208-1,"Trans. & Proc. Roy. Soc. Victoria","24: 132","","1888",
kew-2838602,A,Haloragaceae,,Haloragis,,"bibracteolata",,"","Colenso",Synonym,,M,WCSP (in review),,430209-1,"Trans. & Proc. New Zealand Inst.","22: 462","","1889 publ. 1890",kew-2829824
kew-2838603,A,Haloragaceae,,Haloragis,,"breviloba",,"","Schindl.",Unresolved,,L,WCSP (in review),,,"Pflanzenr.","IV, 225: 56","","1905",
kew-2838604,A,Haloragaceae,,Haloragis,,"brownii",,"","Schindl.",Unresolved,,L,WCSP (in review),,,"Bot. Jahrb. Syst.","34(67): 5","","1904",kew-2366574
kew-2838605,A,Haloragaceae,,Haloragis,,"burianum",,"","Schindl.",Unresolved,,L,WCSP (in review),,,"Repert. Spec. Nov. Regni Veg.","9: 123","","1911",
kew-2838606,A,Haloragaceae,,Haloragis,,"capensis",,"","Nois. ex Colla",Unresolved,,L,WCSP (in review),,430212-1,"Hortus Ripul.","63","","1824",
kew-2838607,A,Haloragaceae,,Haloragis,,"caprae",,"","Chiov. & Vacc.",Unresolved,,L,WCSP (in review),,,"Atti Soc. Naturalisti Mat. Modena","65: 148","","1934",
kew-2838608,A,Haloragaceae,,Haloragis,,"cartilaginea",,"","Cheeseman",Synonym,,M,WCSP (in review),,430214-1,"Trans. & Proc. New Zealand Inst.","28: 390","","1896",kew-2838632
kew-2838609,A,Haloragaceae,,Haloragis,,"ceratophylla",,"","Zahlbr. ex Endl.",Unresolved,,L,WCSP (in review),,430215-1,"Atakta Bot.","16","","1834",
kew-2838610,A,Haloragaceae,,Haloragis,,"cercodia",,"","Aiton",Unresolved,,L,WCSP (in review),,430216-1,"Hort. Kew.","2: 37","","1789",kew-2838597
kew-2838611,A,Haloragaceae,,Haloragis,,"chinensis",,"","(Lour.) Merr.",Synonym,,L,WCSP (in review),,430217-1,"Trans. Amer. Philos. Soc.","n.s., 24(2): 290","","1935",kew-2829826
kew-2838612,A,Haloragaceae,,Haloragis,,"chinensis",var.,"yapensis","Tuyama",Synonym,,L,WCSP (in review),,,"J. Jap. Bot.","16: 284","","1940",kew-2829826
kew-2838613,A,Haloragaceae,,Haloragis,,"ciliata",,"","J.M.Black",Unresolved,,L,WCSP (in review),,430218-1,"Trans. & Proc. Roy. Soc. South Australia","49: 275","","1925",
kew-2838614,A,Haloragaceae,,Haloragis,,"citriodora",,"","(A.Cunn.) Walp.",Synonym,,M,WCSP (in review),,430219-1,"Repert. Bot. Syst.","2: 99","","1843",kew-2829853
kew-2838615,A,Haloragaceae,,Haloragis,,"colensoi",,"","Skottsb. ex Allan",Unresolved,,L,WCSP (in review),,,"Trans. & Proc. Roy. Soc. New Zealand","69: 273","","1939",kew-2838631
kew-2838616,A,Haloragaceae,,Haloragis,,"confertifolia",,"","F.Muell.",Synonym,,M,WCSP (in review),,430221-1,"Fragm.","10: 53","","1876",kew-2829829
kew-2838617,A,Haloragaceae,,Haloragis,,"cordigera",,"","Fenzl",Synonym,,L,WCSP (in review),,430222-1,"Enum. Pl. Hügel","45","","1837",kew-2829831
kew-2838618,A,Haloragaceae,,Haloragis,,"coronopifolia",,"","Schindl.",Unresolved,,L,WCSP (in review),,,"Pflanzenr.","IV, 225: 56","","1905",
kew-2838619,A,Haloragaceae,,Haloragis,,"cyathiflora",,"","Fenzl",Unresolved,,L,WCSP (in review),,430224-1,"Enum. Pl. Hügel","44","","1837",kew-2443032
kew-2838620,A,Haloragaceae,,Haloragis,,"depressa",,"","(A.Cunn.) Walp.",Synonym,,M,WCSP (in review),,430225-1,"Repert. Bot. Syst.","2: 99","","1843",kew-2829853
kew-2838621,A,Haloragaceae,,Haloragis,,"depressa",var.,"montana","Hook.f.",Synonym,,L,WCSP (in review),,,"Fl. Tasman.","2: 485","","1857",kew-2829853
kew-2838622,A,Haloragaceae,,Haloragis,,"depressa",var.,"serpyllifolia","(Hook.f.) Benth.",Synonym,,L,WCSP (in review),,,"Fl. Austral.","2: 485","","1864",kew-2829853
kew-2838623,A,Haloragaceae,,Haloragis,,"diffusa",,"","Diels",Synonym,,M,WCSP (in review),,430226-1,"Bot. Jahrb. Syst.","35: 447","","1904",kew-2829833
kew-2838624,A,Haloragaceae,,Haloragis,,"diffusa",,"","(Hook.f.) Cockayne",Synonym,Illegitimate,M,WCSP (in review),,430227-1,"Rep. Bot. Surv. Stewart Isl.","57","","1909",kew-2829856
kew-2838625,A,Haloragaceae,,Haloragis,,"digyna",,"","Labill.",Unresolved,,L,WCSP (in review),,430228-1,"Nov. Holl. Pl.","1: 101","","1805",
kew-2838626,A,Anisophylleaceae,,Haloragis,,"disticha",,"","Jack",Unresolved,,L,WCSP (in review),,430229-1,"Malayan Misc.","2(7): 19","","1822",kew-2640289
kew-2838627,A,Haloragaceae,,Haloragis,,"dura",,"","Orchard",Unresolved,,L,WCSP (in review),,430230-1,"Nuytsia","2: 127","","1977",
kew-2838628,A,Haloragaceae,,Haloragis,,"eichleri",,"","Orchard",Unresolved,,L,WCSP (in review),,430231-1,"Bull. Auckland Inst. Mus.","10: 88","","1975",
kew-2838629,A,Haloragaceae,,Haloragis,,"elata",,"","A.Cunn. ex Fenzl",Synonym,,M,WCSP (in review),,430232-1,"Enum. Pl. Hügel","45","","1837",kew-2829835
kew-2838630,A,Haloragaceae,,Haloragis,,"elata",,"","Hook.f.",Synonym,Illegitimate,M,WCSP (in review),,430233-1,"London J. Bot.","6: 375","","1847",kew-2829876
kew-2838631,A,Haloragaceae,,Haloragis,,"erecta",,"","(Murray) Oken",Accepted,,M,WCSP (in review),,430235-1,"Allg. Naturgesch.","3(3): 1871","","1841",
tro-15000128,A,Haloragaceae,,Haloragis,,"erecta",,"","Eichler",Unresolved,,L,TRO,15000128,,"Blüthendiagramme","2: 463","463","1878",
kew-2838632,A,Haloragaceae,,Haloragis,,"erecta",subsp.,"cartilaginea","(Cheeseman) Orchard",Accepted,,L,WCSP (in review),,883362-1,"Bull. Auckland Inst. Mus.","10: 78","","1975",
kew-2838633,A,Haloragaceae,,Haloragis,,"exalata",,"","F.Muell.",Unresolved,,L,WCSP (in review),,430236-1,"Trans. & Proc. Roy. Soc. Victoria","24: 133","","1888",
kew-2838636,A,Haloragaceae,,Haloragis,,"eyreana",,"","Orchard",Unresolved,,L,WCSP (in review),,430237-1,"J. Adelaide Bot. Gard.","2: 253","","1980",
kew-2838637,A,Haloragaceae,,Haloragis,,"filiformis",,"","A.Gray",Unresolved,,L,WCSP (in review),,430238-1,"U.S. Expl. Exped., Phan.","1: 628","","1854",kew-2838649
kew-2838638,A,Haloragaceae,,Haloragis,,"foliosa",,"","Benth.",Unresolved,,L,WCSP (in review),,430239-1,"Fl. Austral.","2: 477","","1864",
kew-2838639,A,Haloragaceae,,Haloragis,,"fruticosa",,"","Went",Synonym,,M,WCSP (in review),,430240-1,"Nova Guinea","14: 106","","1924",kew-2829839
kew-2838640,A,Haloragaceae,,Haloragis,,"gjellerupii",,"","Went",Synonym,,M,WCSP (in review),,430241-1,"Nova Guinea","14: 107","","1924",kew-2829839
kew-2838641,A,Haloragaceae,,Haloragis,,"glabrescens",,"","C.T.White",Unresolved,,L,WCSP (in review),,430242-1,"Proc. Roy. Soc. Queensland","53: 216","","1942",
kew-2838642,A,Haloragaceae,,Haloragis,,"glauca",,"","Lindl.",Unresolved,,L,WCSP (in review),,430243-1,"J. Exped. Trop. Australia","91","","1848",
kew-2838644,A,Haloragaceae,,Haloragis,,"gonocarpus",,"","Spreng.",Synonym,Illegitimate,M,WCSP (in review),,430244-1,"Syst. Veg.","2: 261","","1825",kew-2829875
kew-2838645,A,Haloragaceae,,Haloragis,,"gossei",,"","F.Muell.",Unresolved,,L,WCSP (in review),,,"Fragm.","8: 161","","1872",
kew-2838646,A,Haloragaceae,,Haloragis,,"gunnii",,"","Hook.f.",Synonym,,M,WCSP (in review),,430246-1,"Fl. Tasman.","1: 120","","1856",kew-2829876
kew-2838647,A,Haloragaceae,,Haloragis,,"halconensis",,"","Merr.",Synonym,,M,WCSP (in review),,,"Philipp. J. Sci., C","2: 288","","1907",kew-2829839
kew-2838648,A,Haloragaceae,,Haloragis,,"hamata",,"","Orchard",Unresolved,,L,WCSP (in review),,430247-1,"Bull. Auckland Inst. Mus.","10: 125","","1975",
kew-2838649,A,Haloragaceae,,Haloragis,,"heterophylla",,"","Brongn.",Unresolved,,L,WCSP (in review),,430248-1,"Voy. Monde","t. 68","","1831",
kew-2838650,A,Haloragaceae,,Haloragis,,"heterophylla",var.,"aspera","(Lindl.) Schindl.",Synonym,,L,WCSP (in review),,,"Pflanzenr.","IV, 225: 46","","1905",kew-2838649
kew-2838651,A,Haloragaceae,,Haloragis,,"heterophylla",var.,"capreolicornis","Schindl.",Synonym,,L,WCSP (in review),,,"Pflanzenr.","IV, 225: 46","","1905",kew-2838649
kew-2838652,A,Haloragaceae,,Haloragis,,"heterophylla",var.,"ceratophylla","(Endl.) Schindl.",Synonym,,L,WCSP (in review),,,"Pflanzenr.","IV, 225: 46","","1905",kew-2838649
kew-2838653,A,Haloragaceae,,Haloragis,,"heterophylla",var.,"filiformis","(A.Gray) Benth.",Synonym,,L,WCSP (in review),,,"Fl. Austral.","2: 483","","1864",kew-2838649
kew-2838654,A,Haloragaceae,,Haloragis,,"heterophylla",var.,"glaucifolia","Schindl.",Synonym,,L,WCSP (in review),,,"Pflanzenr.","IV, 225: 46","","1905",kew-2838649
kew-2838655,A,Haloragaceae,,Haloragis,,"heterophylla",var.,"pinnatifida","(A.Gray) Maiden & Betche",Synonym,,L,WCSP (in review),,82590-3,"Census N.S.W. Pl.","158","","1916",kew-2838649
kew-2838656,A,Haloragaceae,,Haloragis,,"heterophylla",var.,"rigida","Schindl.",Synonym,,L,WCSP (in review),,,"Pflanzenr.","IV, 225: 46","","1905",kew-2838649
kew-2838657,A,Haloragaceae,,Haloragis,,"hexandra",,"","F.Muell.",Synonym,,M,WCSP (in review),,430249-1,"Fragm.","3: 31","","1862",kew-2829840
kew-2838658,A,Haloragaceae,,Haloragis,,"hexandra",var.,"integrifolia","Schindl.",Synonym,,L,WCSP (in review),,,"Pflanzenr.","IV, 225: 54","","1905",kew-2829841
kew-2838661,A,Haloragaceae,,Haloragis,,"hexandra",var.,"serrata","Schindl.",Synonym,,L,WCSP (in review),,,"Pflanzenr.","IV, 225: 54","","1905",kew-2829840
kew-2838662,A,Haloragaceae,,Haloragis,,"incana",,"","(A.Cunn.) Walp.",Synonym,,M,WCSP (in review),,430250-1,"Repert. Bot. Syst.","2: 99","","1843",kew-2829847
kew-2838663,A,Haloragaceae,,Haloragis,,"intricata",,"","Benth.",Synonym,,M,WCSP (in review),,430251-1,"Fl. Austral.","2: 481","","1864",kew-2829848
kew-2838664,A,Haloragaceae,,Haloragis,,"isomera",,"","R.Parker",Synonym,,M,WCSP (in review),,430252-1,"Repert. Spec. Nov. Regni Veg.","29: 104","","1931",kew-2829861
kew-2838665,A,Haloragaceae,,Haloragis,,"ivifolia",,"","Salisb.",Unresolved,,L,WCSP (in review),,430253-1,"Prodr. Stirp. Chap. Allerton","276","","1796",kew-2838597
tro-50078945,A,Vahliaceae,,Haloragis,,"jerosoides",,"","H. Perrier",Synonym,,L,TRO,50078945,,"Notul. Syst. (Paris)","14: 305–306","305","1952",kew-2454434
kew-2838667,A,Haloragaceae,,Haloragis,,"laevis",,"","Schindl.",Unresolved,,L,WCSP (in review),,,"Pflanzenr.","IV, 225: 51","","1905",
kew-2838668,A,Haloragaceae,,Haloragis,,"lambertii",,"","Montrouz.",Unresolved,,L,WCSP (in review),,430256-1,"Mém. Acad. Roy. Sci. Lyon, Sect. Sci.","n.s., 10: 199","","1860",
kew-2838669,A,Haloragaceae,,Haloragis,,"lanceolata",,"","R.Br. ex Benth.",Synonym,,M,WCSP (in review),,430257-1,"Fl. Austral.","2: 482","","1864",kew-2829840
kew-2838670,A,Haloragaceae,,Haloragis,,"leptotheca",,"","F.Muell.",Synonym,,M,WCSP (in review),,430258-1,"Fragm.","3: 32","","1862",kew-2829850
kew-2838671,A,Haloragaceae,,Haloragis,,"leucroides",,"","A.Gray",Unresolved,,L,WCSP (in review),,,"U.S. Expl. Exped., Phan.","1: 625","","1854",
kew-2838672,A,Haloragaceae,,Haloragis,,"longifolia",,"","Schindl.",Synonym,,M,WCSP (in review),,,"Pflanzenr.","IV, 225: 35","","1905",kew-2829851
kew-2838673,A,Haloragaceae,,Haloragis,,"lucasii",,"","Maiden & Betche",Synonym,,M,WCSP (in review),,,"Proc. Linn. Soc. New South Wales","34: 358","","1909",kew-2838780
kew-2604595,A,Haloragaceae,,Haloragis,,"maierae",,"","Orchard",Unresolved,,L,WCSP (in review),,,"Nuytsia","15: 434","","2005",
kew-2838674,A,Haloragaceae,,Haloragis,,"masafuerana",,"","Skottsb.",Unresolved,,L,WCSP (in review),,430261-1,"Nat. Hist. Juan Fernandez","2: 156","","1922",
tro-15000087,A,Haloragaceae,,Haloragis,,"masafuerana",var.,"masafuerana","",Unresolved,,L,TRO,15000087,,"","","","",
tro-15000005,A,Haloragaceae,,Haloragis,,"masatierrana",,"","Skottsb.",Accepted,,M,TRO,15000005,,"","","","",
kew-2838677,A,Haloragaceae,,Haloragis,,"meionectes",,"","F.Muell.",Unresolved,,L,WCSP (in review),,430263-1,"Trans. & Proc. Roy. Soc. Victoria","24: 137","","1888",
kew-2838678,A,Haloragaceae,,Haloragis,,"meziana",,"","Schindl.",Synonym,,M,WCSP (in review),,,"Pflanzenr.","IV, 225: 29","","1905",kew-2829852
kew-2838679,A,Haloragaceae,,Haloragis,,"micrantha",,"","(Thunb.) R.Br. ex Sieb. & Zucc.",Synonym,,M,WCSP (in review),,,"Fl. Jap. Fam. Nat.","1: 25","","1845",kew-2829853
kew-2838680,A,Haloragaceae,,Haloragis,,"microphylla",,"","Hoogland",Synonym,,M,WCSP (in review),,1001300-1,"Blumea, Suppl.","4: 228","","1958",kew-2829869
kew-2838681,A,Haloragaceae,,Haloragis,,"minima",,"","Colenso",Synonym,,M,WCSP (in review),,430266-1,"Trans. & Proc. New Zealand Inst.","18: 259","","1885 publ. 1886",kew-2829853
kew-2838682,A,Haloragaceae,,Haloragis,,"monosperma",,"","F.Muell.",Unresolved,,L,WCSP (in review),,430267-1,"Proc. Linn. Soc. New South Wales","10: 197","","1885",
kew-2838683,A,Haloragaceae,,Haloragis,,"montana",,"","Hook.f.",Synonym,,M,WCSP (in review),,430268-1,"London J. Bot.","6: 475","","1847",kew-2829856
kew-2838684,A,Haloragaceae,,Haloragis,,"mucronata",,"","Benth.",Unresolved,,L,WCSP (in review),,430269-1,"Fl. Austral.","2: 475","","1864",
kew-2838686,A,Haloragaceae,,Haloragis,,"myriocarpa",,"","Orchard",Unresolved,,L,WCSP (in review),,430270-1,"Bull. Auckland Inst. Mus.","10: 132","","1975",
kew-2838687,A,Haloragaceae,,Haloragis,,"nemorosa",,"","Went",Synonym,,M,WCSP (in review),,430271-1,"Nova Guinea","14: 107","","1924",kew-2829839
kew-2838688,A,Haloragaceae,,Haloragis,,"nodulosa",,"","(Nees) Walp.",Synonym,,M,WCSP (in review),,430272-1,"Repert. Bot. Syst.","5: 672","","1846",kew-2829858
kew-2838689,A,Haloragaceae,,Haloragis,,"odontocarpa",,"","F.Muell.",Unresolved,,L,WCSP (in review),,,"Fragm.","1: 108","","1858",
kew-2838693,A,Haloragaceae,,Haloragis,,"oligantha",,"","Wight & Arn.",Unresolved,,L,WCSP (in review),,430274-1,"Prodr. Fl. Ind. Orient.","338","","1834",
kew-2838694,A,Haloragaceae,,Haloragis,,"oligantha",,"","Arn.",Unresolved,,L,WCSP (in review),,430275-1,"Nova Acta Phys.-Med. Acad. Caes. Leop.-Carol. Nat. Cur.","18: 336","","1836",kew-2589283
kew-2838695,A,Haloragaceae,,Haloragis,,"palauensis",,"","Tuyama",Synonym,,M,WCSP (in review),,430276-1,"J. Jap. Bot.","16: 283","","1940",kew-2829823
kew-2838696,A,Haloragaceae,,Haloragis,,"paniculata",,"","R.Br. ex Benth.",Synonym,,M,WCSP (in review),,430277-1,"Fl. Austral.","2: 481","","1864",kew-2829860
kew-2838697,A,Haloragaceae,,Haloragis,,"paucidentata",,"","Hosok.",Unresolved,,L,WCSP (in review),,430278-1,"Trans. Nat. Hist. Soc. Taiwan","30: 335","","1940",
kew-2838698,A,Haloragaceae,,Haloragis,,"pedicellata",,"","Schindl.",Unresolved,,L,WCSP (in review),,,"Pflanzenr.","IV, 225: 51","","1905",
kew-2838699,A,Haloragaceae,,Haloragis,,"philippinensis",,"","Merr.",Synonym,,M,WCSP (in review),,,"Philipp. J. Sci.","1(Suppl.): 216","","1906",kew-2829861
kew-2838700,A,Haloragaceae,,Haloragis,,"pinnatifida",,"","A.Gray",Unresolved,,L,WCSP (in review),,430280-1,"U.S. Expl. Exped., Phan.","1: 627","","1854",
kew-2838701,A,Haloragaceae,,Haloragis,,"pinnatifida",,"","Hook.f.",Unresolved,,L,WCSP (in review),,430281-1,"Fl. Tasman.","1: 119","","1856",kew-2838609
kew-2838702,A,Haloragaceae,,Haloragis,,"pithyoides",,"","(Nees) Benth.",Synonym,,M,WCSP (in review),,430282-1,"Fl. Austral.","2: 476","","1864",kew-2829862
kew-2838703,A,Haloragaceae,,Haloragis,,"platycarpa",,"","Benth.",Accepted,,M,WCSP (in review),,430283-1,"Fl. Austral.","2: 478","","1864",
kew-2838704,A,Haloragaceae,,Haloragis,,"procumbens",,"","Cheeseman",Synonym,,M,WCSP (in review),,,"Trans. & Proc. New Zealand Inst.","42: 202","","1909",kew-2829856
kew-2838705,A,Haloragaceae,,Haloragis,,"prostrata",,"","J.R.Forst. & G.Forst.",Unresolved,,L,WCSP (in review),,430286-1,"Char. Gen. Pl.","31","","1775",
kew-2838708,A,Haloragaceae,,Haloragis,,"pusilla",,"","R.Br. ex Benth.",Synonym,,M,WCSP (in review),,430287-1,"Fl. Austral.","2: 481","","1864",kew-2829863
kew-2838710,A,Haloragaceae,,Haloragis,,"pusilla",var.,"subaphylla","Benth.",Synonym,,L,WCSP (in review),,,"Fl. Austral.","2: 481","","1864",kew-2829873
kew-2838711,A,Haloragaceae,,Haloragis,,"pycnostachya",,"","F.Muell.",Synonym,,M,WCSP (in review),,430288-1,"Trans. & Proc. Roy. Soc. Victoria","24: 135","","1988",kew-2829864
kew-2838712,A,Haloragaceae,,Haloragis,,"racemosa",,"","Labill.",Unresolved,,L,WCSP (in review),,430289-1,"Nov. Holl. Pl.","1: 100","","1805",
kew-2838713,A,Haloragaceae,,Haloragis,,"racemosa",var.,"angustifolia","Schindl.",Synonym,,L,WCSP (in review),,,"Pflanzenr.","IV, 225: 59","","1905",kew-2838712
kew-2838714,A,Haloragaceae,,Haloragis,,"racemosa",var.,"baeuerlenii","(F.Muell.) Schindl.",Synonym,,L,WCSP (in review),,,"Pflanzenr.","IV, 225: 59","","1905",kew-2838712
kew-2838715,A,Haloragaceae,,Haloragis,,"rotundifolia",,"","Benth.",Synonym,,M,WCSP (in review),,430291-1,"Fl. Austral.","2: 480","","1864",kew-2829825
kew-2838716,A,Haloragaceae,,Haloragis,,"rubra",,"","Schindl.",Synonym,,M,WCSP (in review),,,"Pflanzenr.","IV, 225: 30","","1905",kew-2829875
kew-2838717,A,Haloragaceae,,Haloragis,,"rudis",,"","Benth.",Synonym,,M,WCSP (in review),,430293-1,"Fl. Austral.","2: 480","","1864",kew-2829867
kew-2838718,A,Haloragaceae,,Haloragis,,"salsoloides",,"","(Rchb. ex Spreng.) Benth.",Synonym,,M,WCSP (in review),,430294-1,"Fl. Austral.","2: 485","","1864",kew-2829868
kew-2838719,A,Haloragaceae,,Haloragis,,"sanguinea",,"","Merr. & L.M.Perry",Synonym,,M,WCSP (in review),,430295-1,"J. Arnold Arbor.","29: 162","","1948",kew-2829869
kew-2838720,A,Haloragaceae,,Haloragis,,"scabra",,"","(K.D.Koenig) Benth.",Synonym,,L,WCSP (in review),,430296-1,"Fl. Hongk.","139","","1861",kew-2829826
kew-2838721,A,Haloragaceae,,Haloragis,,"scabra",var.,"abbreviata","Schindl.",Synonym,,L,WCSP (in review),,,"Pflanzenr.","IV, 225: 29","","1905",kew-2829861
kew-2838722,A,Haloragaceae,,Haloragis,,"scabra",var.,"elongata","Schindl.",Synonym,,L,WCSP (in review),,,"Pflanzenr.","IV, 225: 29","","1905",kew-2829826
kew-2838723,A,Haloragaceae,,Haloragis,,"scabra",var.,"novoguineensis","Valeton",Synonym,,L,WCSP (in review),,,"Bull. Dép. Agric. Indes Néerl.","10: 41","","1907",kew-2829826
kew-2838724,A,Haloragaceae,,Haloragis,,"sclopetifera",,"","F.Muell.",Unresolved,,L,WCSP (in review),,430297-1,"Trans. & Proc. Roy. Soc. Victoria","24: 136","","1888",
kew-2838725,A,Haloragaceae,,Haloragis,,"scoparia",,"","Fenzl",Unresolved,,L,WCSP (in review),,430298-1,"Enum. Pl. Hügel","45","","1837",kew-2357070
kew-2838726,A,Haloragaceae,,Haloragis,,"scordioides",,"","Benth.",Synonym,,M,WCSP (in review),,430299-1,"Fl. Austral.","2: 485","","1864",kew-2829871
kew-2838727,A,Haloragaceae,,Haloragis,,"secunda",,"","Ridl.",Synonym,,M,WCSP (in review),,,"Trans. Linn. Soc. London, Bot.","9: 41","","1916",kew-2829839
kew-2838728,A,Haloragaceae,,Haloragis,,"semiangulata",,"","J.M.Black",Unresolved,,L,WCSP (in review),,430300-1,"Trans. & Proc. Roy. Soc. South Australia","49: 275","","1925",
kew-2838729,A,Haloragaceae,,Haloragis,,"serpyllifolia",,"","(Hook.f.) Walp.",Synonym,,M,WCSP (in review),,430301-1,"Repert. Bot. Syst.","2: 99","","1843",kew-2829872
kew-2838730,A,Haloragaceae,,Haloragis,,"serra",,"","Brongn.",Unresolved,,L,WCSP (in review),,430302-1,"Voy. Monde","t. 69","","1831",
kew-2838731,A,Haloragaceae,,Haloragis,,"serra",f.,"gracilis","Sond.",Synonym,,L,WCSP (in review),,,"Linnaea","28: 232","","1857",kew-2838730
kew-2838732,A,Haloragaceae,,Haloragis,,"simplex",,"","R.Br. ex Britten",Synonym,,M,WCSP (in review),,,"J. Bot.","45: 136","","1907",kew-2829873
kew-2838733,A,Haloragaceae,,Haloragis,,"spicata",,"","Petrie",Synonym,,M,WCSP (in review),,430303-1,"Trans. & Proc. New Zealand Inst.","19: 325","","1886 publ. 1887",kew-2829824
kew-2838734,A,Haloragaceae,,Haloragis,,"stokesii",,"","F.Br.",Unresolved,,L,WCSP (in review),,430304-1,"Bernice P. Bishop Mus. Bull.","130: 205","","1935",
kew-2838735,A,Haloragaceae,,Haloragis,,"stricta",,"","R.Br. ex Benth.",Accepted,,M,WCSP (in review),,430305-1,"Fl. Austral.","2: 482","","1864",
kew-2838736,A,Haloragaceae,,Haloragis,,"suffruticosa",,"","Gibbs",Synonym,,M,WCSP (in review),,,"Fl. Arfak Mts.","159","","1917",kew-2829839
kew-2838737,A,Haloragaceae,,Haloragis,,"suffruticosa",var.,"galioides","Went",Synonym,,L,WCSP (in review),,,"Nova Guinea","14: 109","","1924",kew-2829839
kew-2838738,A,Haloragaceae,,Haloragis,,"suffruticosa",var.,"ramosa","Went",Synonym,,L,WCSP (in review),,,"Nova Guinea","14: 108","","1924",kew-2829839
kew-2838739,A,Haloragaceae,,Haloragis,,"tenella",,"","Brongn.",Synonym,,M,WCSP (in review),,430306-1,"Voy. Monde","t. 68, f. B","","1831",kew-2829853
kew-2838740,A,Haloragaceae,,Haloragis,,"tenuifolia",,"","Benth.",Accepted,,L,WCSP (in review),,430307-1,"Fl. Austral.","2: 477","","1864",
kew-2838741,A,Haloragaceae,,Haloragis,,"tenuis",,"","Schindl.",Synonym,,M,WCSP (in review),,,"Pflanzenr.","IV, 225: 27","","1905",kew-2829835
kew-2838742,A,Haloragaceae,,Haloragis,,"tetragonia",,"","L'Hér.",Unresolved,,L,WCSP (in review),,430309-1,"Stirp. Nov.","82","","1788",kew-2838597
kew-2838743,A,Haloragaceae,,Haloragis,,"tetragyna",,"","(Labill.) Hook.f.",Synonym,,M,WCSP (in review),,430310-1,"Fl. Nov.-Zel.","1: 62","","1852",kew-2829875
kew-2838745,A,Haloragaceae,,Haloragis,,"tetragyna",var.,"bicallosa","Schindl.",Synonym,,L,WCSP (in review),,,"Pflanzenr.","IV, 225: 33","","1905",kew-2829875
kew-2838747,A,Haloragaceae,,Haloragis,,"tetragyna",var.,"decumbens","Schindl.",Synonym,,L,WCSP (in review),,,"Pflanzenr.","IV, 225: 32","","1905",kew-2829875
kew-2838748,A,Haloragaceae,,Haloragis,,"tetragyna",var.,"diffusa","Hook.f.",Synonym,,L,WCSP (in review),,,"Fl. Nov.-Zel.","1: 62","","1852",kew-2829856
kew-2838750,A,Haloragaceae,,Haloragis,,"tetragyna",var.,"glabrescens","F.M.Bailey",Synonym,,L,WCSP (in review),,,"Bot. Bull. Dept. Agric. Queensland","13: 9","","1896",kew-2829875
kew-2838751,A,Haloragaceae,,Haloragis,,"tetragyna",var.,"hispida","Benth.",Synonym,,L,WCSP (in review),,,"Fl. Austral.","2: 33","","1864",kew-2829875
kew-2838752,A,Haloragaceae,,Haloragis,,"tetragyna",var.,"hispida","Schindl.",Synonym,,L,WCSP (in review),,,"Pflanzenr.","IV, 225: 33","","1905",kew-2829875
kew-2838754,A,Haloragaceae,,Haloragis,,"tetragyna",var.,"lanceolata","Schindl.",Synonym,,L,WCSP (in review),,,"Pflanzenr.","IV, 225: 33","","1905",kew-2829875
kew-2838755,A,Haloragaceae,,Haloragis,,"tetragyna",var.,"micrantha","Benth.",Synonym,,L,WCSP (in review),,,"Fl. Austral.","2: 484","","1864",kew-2829826
kew-2838758,A,Haloragaceae,,Haloragis,,"tetragyna",var.,"serrata","Schindl.",Synonym,,L,WCSP (in review),,,"Pflanzenr.","IV, 225: 33","","1905",kew-2829875
kew-2838759,A,Haloragaceae,,Haloragis,,"tetrandra",,"","Schott",Synonym,,M,WCSP (in review),,430311-1,"Syst. Veg.","4(2): 405","","1827",kew-2348963
kew-2838760,A,Haloragaceae,,Haloragis,,"teucrioides",,"","(DC.) Schltdl.",Synonym,,M,WCSP (in review),,,"Linnaea","20: 648","","1847",kew-2829876
kew-2838761,A,Haloragaceae,,Haloragis,,"teucrioides",var.,"elata","Sond.",Synonym,,L,WCSP (in review),,,"Linnaea","28: 230","","1857",kew-2829876
kew-2838762,A,Haloragaceae,,Haloragis,,"teucrioides",var.,"glabrata","Sond.",Synonym,,L,WCSP (in review),,,"Linnaea","28: 230","","1856",kew-2829852
kew-2838763,A,Haloragaceae,,Haloragis,,"teucrioides",var.,"lanceolata","Sond.",Synonym,,L,WCSP (in review),,,"Linnaea","28: 230","","1857",kew-2829876
kew-2838764,A,Haloragaceae,,Haloragis,,"teucrioides",var.,"meziana","J.M.Black",Synonym,,L,WCSP (in review),,,"in Fl. S. Austral.","3: 430","","1986",kew-2829876
kew-2838765,A,Haloragaceae,,Haloragis,,"trichostachya",,"","Benth.",Synonym,,M,WCSP (in review),,430312-1,"Fl. Austral.","2: 481","","1864",kew-2829877
kew-2838766,A,Haloragaceae,,Haloragis,,"trifida",,"","(Nees) Walp.",Synonym,,L,WCSP (in review),,430313-1,"Repert. Bot. Syst.","5: 672","","1846",kew-2366581
kew-2838767,A,Haloragaceae,,Haloragis,,"trigonocarpa",,"","F.Muell.",Unresolved,,L,WCSP (in review),,430314-1,"Fragm.","10: 84","","1876",
kew-2838768,A,Haloragaceae,,Haloragis,,"uncatipila",,"","Orchard",Unresolved,,L,WCSP (in review),,430315-1,"Bull. Auckland Inst. Mus.","10: 116","","1975",
kew-2838769,A,Haloragaceae,,Haloragis,,"uniflora",,"","Kirk",Synonym,,M,WCSP (in review),,430316-1,"Trans. & Proc. New Zealand Inst.","9: 548","","1877",kew-2829824
kew-2838770,A,Haloragaceae,,Haloragis,,"vernicosa",,"","(Hook.f.) Walp.",Synonym,,M,WCSP (in review),,430317-1,"Repert. Bot. Syst.","2: 99","","1843",kew-2829872
kew-2838771,A,Haloragaceae,,Haloragis,,"veronicifolia",,"","Schindl.",Synonym,,M,WCSP (in review),,,"Pflanzenr.","IV, 225: 35","","1905",kew-2829850
kew-2838772,A,Haloragaceae,,Haloragis,,"verrucosa",,"","Maiden & Betche",Synonym,,M,WCSP (in review),,,"Proc. Linn. Soc. New South Wales","31: 397","","1906",kew-2829827
kew-2838773,A,Haloragaceae,,Haloragis,,"villosa",,"","Schindl.",Synonym,,M,WCSP (in review),,,"Pflanzenr.","IV, 225: 31","","1905",kew-2829851
kew-2838774,A,Haloragaceae,,Haloragis,,"viridis",,"","Schindl.",Synonym,,M,WCSP (in review),,,"Pflanzenr.","IV, 225: 46","","1905",kew-2838735
kew-2838775,A,Haloragaceae,,Haloragis,,"walkeri",,"","Ohwi",Unresolved,,L,WCSP (in review),,430321-1,"J. Jap. Bot.","33: 212","","1958",
kew-2838776,A,Haloragaceae,,Haloragis,,"yarrabensis",,"","Domin",Synonym,,M,WCSP (in review),,430322-1,"Biblioth. Bot.","89: 480","","1928",kew-2829823
