ID,Major group,Family,Genus hybrid marker,Genus,Species hybrid marker,Species,Infraspecific rank,Infraspecific epithet,Authorship,Taxonomic status in TPL,Nomenclatural status from original data source,Confidence level,Source,Source id,IPNI id,Publication,Collation,Page,Date,Accepted ID
kew-284358,A,Asparagaceae,,Polygonatum,,"acuminatifolium",,"","Kom.",Accepted,,H,WCSP,284358,,"Izv. Glavn. Bot. Sada R.S.F.S.R.","16: 157","","1916",
kew-285607,A,Asparagaceae,,Polygonatum,,"adnatum",,"","S.Yun Liang",Accepted,,H,WCSP,285607,931771-1,"Acta Phytotax. Sin.","25: 65","","1987",
kew-310271,A,Asparagaceae,,Polygonatum,,"aflatunense",,"","B.Fedtsch.",Synonym,,H,WCSP,310271,540076-1,"Rastit. Turkest.","255","","1915",kew-284158
kew-284360,A,Asparagaceae,,Polygonatum,,"agglutinatum",,"","Hua",Synonym,,H,WCSP,284360,540077-1,"J. Bot. (Morot)","6: 448","","1892",kew-283977
tro-18400714,A,Asparagaceae,,Polygonatum,,"alcatum",,"","A. Gray",Unresolved,,L,TRO,18400714,,"","","","",
kew-284353,A,Asparagaceae,,Polygonatum,,"altelobatum",,"","Hayata",Accepted,,H,WCSP,284353,540078-1,"Icon. Pl. Formosan.","5: 229","","1915",
kew-284362,A,Asparagaceae,,Polygonatum,,"alternicirrhosum",,"","Hand.-Mazz.",Accepted,,H,WCSP,284362,540079-1,"Symb. Sin.","7: 1209","","1936",
kew-310624,A,Asparagaceae,,Polygonatum,,"alternicirrhosum",var.,"piliferum","P.Y.Li",Synonym,,L,WCSP,310624,,"Acta Phytotax. Sin.","11: 252","","1966",kew-284060
kew-284363,A,Asparagaceae,,Polygonatum,,"amabile",,"","Yatabe",Accepted,,H,WCSP,284363,,"Bot. Mag. (Tokyo)","6: 279","","1892",
kew-284364,A,Asparagaceae,,Polygonatum,,"ambiguum",,"","Link ex Schult. & Schult.f.",Synonym,,H,WCSP,284364,540081-1,"Syst. Veg.","7: 299","","1829",kew-284008
kew-311501,A,Asparagaceae,,Polygonatum,,"ambiguum",,"","(Des Moul.) B.D.Jacks.",Synonym,Illegitimate,H,WCSP,311501,,"Index Kew.","Suppl. 4: 187","","1913",kew-284010
kew-284366,A,Asparagaceae,,Polygonatum,,"anceps",,"","Moench",Synonym,,H,WCSP,284366,540083-1,"Methodus","637","","1794",kew-284008
kew-284153,A,Asparagaceae,,Polygonatum,,"angulosum",,"","Bubani",Synonym,Illegitimate,H,WCSP,284153,540085-1,"Fl. Pyren.","4: 117","","1902",kew-284008
kew-284367,A,Asparagaceae,,Polygonatum,,"angulosum",,"","Montandon",Synonym,,H,WCSP,284367,,"Syn. Fl. Jura","ed. 2: 311","","1868",kew-284008
kew-283975,A,Asparagaceae,,Polygonatum,,"angustifolium",,"","Pursh",Synonym,,H,WCSP,283975,540086-1,"Fl. Amer. Sept.","1: 234","","1813",kew-284043
kew-284213,A,Asparagaceae,,Polygonatum,,"angustifolium",,"","Bubani",Synonym,Illegitimate,H,WCSP,284213,540087-1,"Fl. Pyren.","4: 117","","1902",kew-284150
kew-285302,A,Asparagaceae,,Polygonatum,,"anhuiense",,"","D.C.Zhang & J.Z.Shao",Synonym,,H,WCSP,285302,961264-1,"Guihaia","12: 99","","1992",kew-284189
kew-284040,A,Asparagaceae,,Polygonatum,,"anomalum",,"","Hua.",Synonym,,H,WCSP,284040,540088-1,"J. Bot. (Morot)","6: 420","","1892",kew-284004
kew-284041,A,Asparagaceae,,Polygonatum,,"arisanense",,"","Hayata",Accepted,,H,WCSP,284041,540089-1,"Icon. Pl. Formosan.","9: 140","","1920",
kew-373739,A,Asparagaceae,,Polygonatum,×,"azegamii",,"","(Ohwi) M.N.Tamura",Accepted,,H,WCSP,373739,77090985-1,"Acta Phytotax. Geobot.","59: 28","","2008",
kew-284042,A,Asparagaceae,,Polygonatum,,"beyrodtianum",,"","Engl. & Graebn.",Unresolved,,L,WCSP,284042,540090-1,"Notizbl. Bot. Gart. Berlin-Dahlem","7: 398","","1920",
kew-284043,A,Asparagaceae,,Polygonatum,,"biflorum",,"","(Walter) Elliott",Accepted,,H,WCSP,284043,540091-1,"Sketch Bot. S. Carolina","1: 393","","1817",
tro-18403994,A,Asparagaceae,,Polygonatum,,"biflorum",f.,"biflorum","",Synonym,,L,TRO,18403994,,"","","","",kew-284043
kew-292487,A,Asparagaceae,,Polygonatum,,"biflorum",var.,"commutatum","(Schult. & Schult.f.) Morong",Synonym,,L,WCSP,292487,205951-2,"Bull. Torrey Bot. Club","20: 480","","1893",kew-284043
kew-309984,A,Asparagaceae,,Polygonatum,,"biflorum",var.,"giganteum","(A.Dietr.) Alph.Wood",Synonym,,L,WCSP,309984,,"Amer. Bot. Fl.","1870: 346","","1870",kew-284043
kew-292486,A,Asparagaceae,,Polygonatum,,"biflorum",var.,"hebetifolium","R.R.Gates",Synonym,,L,WCSP,292486,205952-2,"Bull. Torrey Bot. Club","44: 121","","1917",kew-284043
kew-292485,A,Asparagaceae,,Polygonatum,,"biflorum",var.,"melleum","(Farw.) R.P.Ownbey",Synonym,,L,WCSP,292485,205953-2,"Ann. Missouri Bot. Gard.","31: 399","","1944",kew-284043
kew-292484,A,Asparagaceae,,Polygonatum,,"biflorum",var.,"necopinum","R.P.Ownbey",Synonym,,L,WCSP,292484,205954-2,"Ann. Missouri Bot. Gard.","31: 401","","1944",kew-284043
kew-292475,A,Asparagaceae,,Polygonatum,,"biflorum",var.,"ovatum","Farw.",Synonym,,L,WCSP,292475,205955-2,"Bull. Torrey Bot. Club","42: 255","","1915",kew-284043
kew-292489,A,Asparagaceae,,Polygonatum,,"biflorum",f.,"ramosum","(McGivney) Fernald",Synonym,,L,WCSP,292489,205956-2,"Rhodora","46: 12","","1944",kew-284043
kew-292482,A,Asparagaceae,,Polygonatum,,"biflorum",var.,"virginicum","(Greene) Farw.",Synonym,,L,WCSP,292482,205957-2,"Bull. Torrey Bot. Club","42: 254","","1915",kew-284043
kew-284044,A,Asparagaceae,,Polygonatum,,"bodinieri",,"","H.Lév.",Synonym,,H,WCSP,284044,540092-1,"Bull. Acad. Int. Géogr. Bot.","12: 262","","1903",kew-304435
kew-284054,A,Asparagaceae,,Polygonatum,,"boreale",,"","Greene",Synonym,,H,WCSP,284054,205958-2,"Leafl. Bot. Observ. Crit.","1: 181","","1906",kew-284002
kew-292491,A,Asparagaceae,,Polygonatum,,"boreale",var.,"australe","Farw.",Synonym,,L,WCSP,292491,205959-2,"Bull. Torrey Bot. Club","42: 254","","1915",kew-284002
kew-292480,A,Asparagaceae,,Polygonatum,,"boreale",var.,"multflorum","Farw.",Synonym,,L,WCSP,292480,,"Rep. (Annual) Michigan Acad. Sci.","20: 170","","1918",kew-284002
kew-284046,A,Asparagaceae,,Polygonatum,,"brachynema",,"","Hand.-Mazz.",Synonym,,H,WCSP,284046,540094-1,"Symb. Sin.","7: 1208","","1936",kew-284031
kew-284038,A,Asparagaceae,,Polygonatum,,"bracteatum",,"","(B.Thomas) G.Don",Synonym,,H,WCSP,284038,,"Hort. Brit.","131","","1830",kew-284010
kew-284048,A,Asparagaceae,,Polygonatum,,"brevistylum",,"","Baker",Accepted,,H,WCSP,284048,540096-1,"J. Linn. Soc., Bot.","14: 556","","1875",
kew-284049,A,Asparagaceae,,Polygonatum,,"bulbosum",,"","H.Lév.",Synonym,,H,WCSP,284049,540097-1,"Repert. Spec. Nov. Regni Veg.","11: 302","","1912",kew-284025
kew-284050,A,Asparagaceae,,Polygonatum,×,"buschianum",,"","Tzvelev",Accepted,,H,WCSP,284050,540098-1,"in Fl. Evropeiskoi Chasti SSSR","4: 260","","1979",
tro-18405327,A,Asparagaceae,,Polygonatum,,"buschianum",,"","Tzvelev",Unresolved,,L,TRO,18405327,,"","","","",
kew-284051,A,Asparagaceae,,Polygonatum,,"canaliculatum",,"","Miq.",Synonym,Illegitimate,H,WCSP,284051,540099-1,"Ann. Mus. Bot. Lugduno-Batavi","3: 148","","1867",kew-284061
kew-284052,A,Asparagaceae,,Polygonatum,,"canaliculatum",,"","(Willd.) Pursh",Synonym,,H,WCSP,284052,540100-1,"Fl. Amer. Sept.","1: 234","","1813",kew-284043
kew-292478,A,Asparagaceae,,Polygonatum,,"canaliculatum",var.,"americanum","(Hook.) Farw.",Synonym,,L,WCSP,292478,205961-2,"Bull. Torrey Bot. Club","42: 256","","1915",kew-284043
kew-292385,A,Asparagaceae,,Polygonatum,,"canaliculatum",f.,"foliatum","(H.M.Clarke) J.W.Moore",Synonym,,L,WCSP,292385,205962-2,"Rhodora","52: 56","","1950",kew-284043
kew-309985,A,Asparagaceae,,Polygonatum,,"canaliculatum",var.,"giganteum","(A.Dietr.) Miq.",Synonym,,L,WCSP,309985,,"Ann. Mus. Bot. Lugduno-Batavi","3: 148","","1867",kew-284043
tro-50202412,A,Asparagaceae,,Polygonatum,,"canaliculatum",var.,"giganteum","(A. Dietr.) Farw.",Synonym,,L,TRO,50202412,205963-2,"Bull. Torrey Bot. Club","42(5): 256","256","1915",kew-284043
kew-292477,A,Asparagaceae,,Polygonatum,,"canaliculatum",var.,"oblongifolium","Farw.",Synonym,,L,WCSP,292477,205964-2,"Rep. (Annual) Michigan Acad. Sci.","22: 181","","1921",kew-284043
kew-292476,A,Asparagaceae,,Polygonatum,,"canaliculatum",var.,"ovatum","(Farw.) E.J.Palmer & Steyerm.",Synonym,,L,WCSP,292476,205965-2,"Ann. Missouri Bot. Gard.","22: 503","","1935",kew-284043
kew-292479,A,Asparagaceae,,Polygonatum,,"canaliculatum",f.,"ramosum","(McGivney) Clute",Synonym,,L,WCSP,292479,205966-2,"Amer. Bot. (Binghamton)","49: 73","","1943",kew-284043
kew-292458,A,Asparagaceae,,Polygonatum,,"canaliculatum",var.,"rotundifolium","J.W.Moore",Synonym,,L,WCSP,292458,205967-2,"Rhodora","52: 55","","1950",kew-284043
kew-310413,A,Asparagaceae,,Polygonatum,,"canaliculatum",var.,"sublanceolatum","Miq.",Synonym,,L,WCSP,310413,,"Ann. Mus. Bot. Lugduno-Batavi","3: 148","","1867",kew-284075
kew-284030,A,Asparagaceae,,Polygonatum,,"cathcartii",,"","Baker",Accepted,,H,WCSP,284030,540101-1,"J. Linn. Soc., Bot.","14: 559","","1875",
kew-284047,A,Asparagaceae,,Polygonatum,,"cavaleriei",,"","H.Lév.",Synonym,,H,WCSP,284047,540102-1,"Nouv. Contrib. Liliac. Chine","11","","1906",kew-283977
kew-284045,A,Asparagaceae,,Polygonatum,,"chinense",,"","Kunth",Synonym,,H,WCSP,284045,540103-1,"Enum. Pl.","5: 146","","1850",kew-284168
kew-285244,A,Asparagaceae,,Polygonatum,,"chingshuishanianum",,"","S.S.Ying",Accepted,,H,WCSP,285244,992217-1,"Mem. Coll. Agric. Natl. Taiwan Univ.","28(2): 42","","1988",
kew-284023,A,Asparagaceae,,Polygonatum,,"ciliatum",,"","Royle",Synonym,Invalid,H,WCSP,284023,540104-1,"Ill. Bot. Himal. Mts.","380","","1839",kew-284082
kew-284024,A,Asparagaceae,,Polygonatum,,"cilicicum",,"","Schott ex Kotschy",Synonym,,H,WCSP,284024,540105-1,"Oesterr. Bot. Wochenbl.","7: 205","","1857",kew-284019
kew-285556,A,Asparagaceae,,Polygonatum,,"cirrhifoliodes",,"","D.M.Liu & W.Z.Zeng",Synonym,,H,WCSP,285556,929913-1,"Bull. Bot. Res., Harbin","6(2): 91","","1986",kew-284025
kew-284025,A,Asparagaceae,,Polygonatum,,"cirrhifolium",,"","(Wall.) Royle",Accepted,,H,WCSP,284025,540106-1,"Ill. Bot. Himal. Mts.","380","","1839",
kew-284026,A,Asparagaceae,,Polygonatum,,"cobrense",,"","(Wooton & Standl.) R.R.Gates",Synonym,,H,WCSP,284026,540107-1,"Bull. Torrey Bot. Club","44: 126","","1917",kew-284043
kew-284027,A,Asparagaceae,,Polygonatum,,"commutatum",,"","(Schult. & Schult.f.) A.Dietr.",Synonym,,H,WCSP,284027,1173080-2,"Allg. Gartenzeitung","3: 223","","1835",kew-284043
kew-292483,A,Asparagaceae,,Polygonatum,,"commutatum",f.,"foliatum","H.M.Clarke",Synonym,,L,WCSP,292483,205968-2,"Amer. Midl. Naturalist","39: 762","","1948",kew-284043
kew-292442,A,Asparagaceae,,Polygonatum,,"commutatum",var.,"lineamentosum","Lunell",Synonym,,L,WCSP,292442,205969-2,"Amer. Midl. Naturalist","5: 94","","1917",kew-284043
kew-292441,A,Asparagaceae,,Polygonatum,,"commutatum",var.,"ovatum","(Farw.) R.R.Gates",Synonym,,L,WCSP,292441,205970-2,"Bull. Torrey Bot. Club","44: 124","","1917",kew-284043
kew-292460,A,Asparagaceae,,Polygonatum,,"commutatum",f.,"ramosum","McGivney",Synonym,,L,WCSP,292460,205971-2,"Amer. Midl. Naturalist","9: 664","","1925",kew-284043
kew-292440,A,Asparagaceae,,Polygonatum,,"commutatum",var.,"virginicum","(Greene) R.R.Gates",Synonym,,L,WCSP,292440,205972-2,"Bull. Torrey Bot. Club","44: 123","","1917",kew-284043
kew-284037,A,Asparagaceae,,Polygonatum,,"cryptanthum",,"","H.Lév. & Vaniot",Accepted,,H,WCSP,284037,540109-1,"Repert. Spec. Nov. Regni Veg.","5: 282","","1908",
tro-18405654,A,Asparagaceae,,Polygonatum,,"cryptanthum",,"","H. Lév.",Unresolved,,L,TRO,18405654,,"","","","",
kew-284029,A,Asparagaceae,,Polygonatum,,"cuneatum",,"","Greene",Synonym,,H,WCSP,284029,205973-2,"Leafl. Bot. Observ. Crit.","1: 181","","1906",kew-284002
kew-284022,A,Asparagaceae,,Polygonatum,,"curvistylum",,"","Hua",Accepted,,H,WCSP,284022,540111-1,"J. Bot. (Morot)","6: 424","","1892",
kew-284031,A,Asparagaceae,,Polygonatum,,"cyrtonema",,"","Hua",Accepted,,H,WCSP,284031,540112-1,"J. Bot. (Morot)","6: 393","","1892",
kew-284032,A,Asparagaceae,,Polygonatum,,"darrisii",,"","H.Lév.",Synonym,,H,WCSP,284032,540113-1,"Repert. Spec. Nov. Regni Veg.","12: 536","","1913",kew-283977
kew-284033,A,Asparagaceae,,Polygonatum,,"delavayi",,"","Hua",Synonym,,H,WCSP,284033,540114-1,"J. Bot. (Morot)","6: 422","","1892",kew-283999
kew-284034,A,Asparagaceae,,Polygonatum,×,"desoulavyi",,"","Kom.",Accepted,,H,WCSP,284034,,"Key Pl. Far East. USSR","1: 378","","1931",
kew-373738,A,Asparagaceae,,Polygonatum,,"desoulavyi",var.,"azegamii","Ohwi",Synonym,,L,WCSP,373738,,"Fl. Jap.","rev. ed.: 1439","","1965",kew-373739
kew-310411,A,Asparagaceae,,Polygonatum,×,"desoulavyi",var.,"mediobracteatum","(Ohwi) Satake",Synonym,,L,WCSP,310411,,"J. Jap. Bot.","18: 36","","1942",kew-284034
kew-310412,A,Asparagaceae,,Polygonatum,×,"desoulavyi",var.,"yezoense","(Miyabe & Tatew.) Satake",Synonym,,L,WCSP,310412,,"J. Jap. Bot.","19: 46","","1943",kew-284034
tro-18405328,A,Asparagaceae,,Polygonatum,,"desoulayi",,"","Kom.",Accepted,,M,TRO,18405328,,"Key Pl. Far East. Reg. URSS","1: 378, pl. 117","378","1931",
kew-284035,A,Asparagaceae,,Polygonatum,×,"domonense",,"","Satake",Accepted,,H,WCSP,284035,540116-1,"J. Jap. Bot.","45: 4","","1970",
tro-18405662,A,Asparagaceae,,Polygonatum,,"domonense",,"","Satake",Unresolved,,L,TRO,18405662,,"","","","",
kew-284036,A,Asparagaceae,,Polygonatum,,"ellipticum",,"","Farw.",Synonym,,H,WCSP,284036,205974-2,"Bull. Torrey Bot. Club","42: 255","","1915",kew-284043
kew-284056,A,Asparagaceae,,Polygonatum,,"ensifolium",,"","H.Lév.",Synonym,,H,WCSP,284056,540118-1,"Bull. Acad. Int. Géogr. Bot.","12: 261","","1903",kew-304435
tro-50182044,A,Asparagaceae,,Polygonatum,,"ensifolium",var.,"didymocarpum","H. Lév.",Synonym,,L,TRO,50182044,,"","","","",kew-304435
kew-284081,A,Asparagaceae,,Polygonatum,,"ericoideum",,"","H.Lév.",Synonym,,H,WCSP,284081,540119-1,"Repert. Spec. Nov. Regni Veg.","7: 384","","1909",kew-283977
kew-284053,A,Asparagaceae,,Polygonatum,,"erythrocarpum",,"","Hua",Synonym,,H,WCSP,284053,540120-1,"J. Bot. (Morot)","6: 424","","1892",kew-284150
kew-284074,A,Asparagaceae,,Polygonatum,,"esquirolii",,"","H.Lév.",Synonym,,H,WCSP,284074,540121-1,"Repert. Spec. Nov. Regni Veg.","8: 59","","1910",kew-283977
kew-284075,A,Asparagaceae,,Polygonatum,,"falcatum",,"","A.Gray",Accepted,,H,WCSP,284075,,"Mem. Amer. Acad. Arts","n.s., 6: 414","","1859",
kew-371750,A,Asparagaceae,,Polygonatum,,"falcatum",var.,"falcatum","",Synonym,,L,WCSP,371750,,"Unknown","","","",kew-284075
kew-310415,A,Asparagaceae,,Polygonatum,,"falcatum",f.,"robustum","Makino",Synonym,,L,WCSP,310415,,"Somoku-Dzusetsu","ed. 2: 450","","1910",kew-284075
kew-371748,A,Asparagaceae,,Polygonatum,,"falcatum",var.,"tenuiflorum","(Koidz.) Ohwi",Synonym,,L,WCSP,371748,,"Bull. Natl. Sci. Mus. Tokyo","33: 68","","1953",kew-284075
kew-373747,A,Asparagaceae,,Polygonatum,,"falcatum",var.,"trichosanthum","(Koidz.) M.N.Tamura",Accepted,,L,WCSP,373747,77090983-1,"Acta Phytotax. Geobot.","59: 26","","2008",
kew-284076,A,Asparagaceae,,Polygonatum,,"fargesii",,"","Hua",Synonym,,H,WCSP,284076,,"J. Bot. (Morot)","6: 446","","1892",kew-284025
kew-284077,A,Asparagaceae,,Polygonatum,,"farwellii",,"","Bush",Synonym,,H,WCSP,284077,205975-2,"Amer. Midl. Naturalist","10: 390","","1927",kew-284002
kew-284078,A,Asparagaceae,,Polygonatum,,"fauriei",,"","H.Lév. & Vaniot",Synonym,,H,WCSP,284078,540125-1,"Repert. Spec. Nov. Regni Veg.","5: 282","","1908",kew-284037
tro-50069404,A,Asparagaceae,,Polygonatum,,"fauriei",,"","H. Lév.",Synonym,,M,TRO,50069404,,"","","","",kew-283978
kew-284088,A,Asparagaceae,,Polygonatum,,"filipes",,"","Merr. ex C.Jeffrey & McEwan",Accepted,,H,WCSP,284088,540126-1,"Kew Bull.","34: 445","","1980",
tro-50154606,A,Asparagaceae,,Polygonatum,,"formosanum",,"","(Hayata) Masam. & Shimada",Synonym,,M,TRO,50154606,,"","","","",kew-284041
kew-284080,A,Asparagaceae,,Polygonatum,,"franchetii",,"","Hua",Accepted,,H,WCSP,284080,540127-1,"J. Bot. (Morot)","6: 392","","1892",
kew-284072,A,Asparagaceae,,Polygonatum,,"fuscum",,"","Hua",Synonym,,H,WCSP,284072,540128-1,"J. Bot. (Morot)","6: 444","","1892",kew-284025
kew-284082,A,Asparagaceae,,Polygonatum,,"geminiflorum",,"","Decne.",Accepted,,H,WCSP,284082,540129-1,"Voy. Inde","4: 170","","1844",
kew-284083,A,Asparagaceae,,Polygonatum,,"gentilianum",,"","H.Lév.",Synonym,,H,WCSP,284083,540130-1,"Repert. Spec. Nov. Regni Veg.","12: 287","","1913",kew-283999
kew-284084,A,Asparagaceae,,Polygonatum,,"giganteum",,"","A.Dietr.",Synonym,,H,WCSP,284084,540131-1,"Allg. Gartenzeitung","3: 222","","1835",kew-284043
kew-310414,A,Asparagaceae,,Polygonatum,,"giganteum",var.,"falcatum","(A.Gray) Maxim.",Synonym,,L,WCSP,310414,,"Bull. Acad. Imp. Sci. Saint-Pétersbourg","29: 210","","1883",kew-284075
kew-310544,A,Asparagaceae,,Polygonatum,,"giganteum",var.,"macranthum","Maxim.",Synonym,,L,WCSP,310544,,"Mélanges Biol. Bull. Phys.-Math. Acad. Imp. Sci. Saint-Pétersbourg","11: 852","","1883",kew-283965
kew-310425,A,Asparagaceae,,Polygonatum,,"giganteum",var.,"thunbergii","(C.Morren & Decne.) Maxim.",Synonym,,L,WCSP,310425,,"Bull. Acad. Imp. Sci. Saint-Pétersbourg","29: 210","","1883",kew-310422
kew-285329,A,Asparagaceae,,Polygonatum,,"ginfoshanicum",,"","(F.T.Wang & Tang) F.T.Wang & Tang",Synonym,,H,WCSP,285329,913176-1,"Acta Bot. Yunnan.","5: 261","","1983",kew-277986
kew-284085,A,Asparagaceae,,Polygonatum,,"glaberrimum",,"","K.Koch",Accepted,,H,WCSP,284085,540132-1,"Linnaea","22: 267","","1849",
kew-284086,A,Asparagaceae,,Polygonatum,,"govanianum",,"","Royle",Synonym,,H,WCSP,284086,540133-1,"Ill. Bot. Himal. Mts.","380","","1839",kew-284010
kew-284087,A,Asparagaceae,,Polygonatum,,"gracile",,"","P.Y.Li",Accepted,,H,WCSP,284087,540134-1,"Acta Phytotax. Sin.","11: 252","","1966",
kew-284064,A,Asparagaceae,,Polygonatum,,"graminifolium",,"","Hook.",Accepted,,H,WCSP,284064,540135-1,"Hooker's Icon. Pl.","9: t. 833","","1851",
kew-285228,A,Asparagaceae,,Polygonatum,,"grandicaule",,"","Y.S.Kim, B.U.Oh & C.G.Jang",Accepted,,H,WCSP,285228,1000920-1,"Korean J. Pl. Taxon.","28: 42","","1998",
kew-284062,A,Asparagaceae,,Polygonatum,,"griffithii",,"","Baker",Accepted,,H,WCSP,284062,540136-1,"J. Linn. Soc., Bot.","14: 558","","1875",
kew-284079,A,Asparagaceae,,Polygonatum,,"gussonei",,"","Parl.",Synonym,,H,WCSP,284079,540137-1,"Fl. Ital.","3: 44","","1858",kew-284010
kew-284057,A,Asparagaceae,,Polygonatum,,"hausknechtii",,"","Bornm. & Sint.",Synonym,,H,WCSP,284057,,"Mitth. Thüring. Bot. Vereins","n.f., 18: 52","","1901",kew-284158
kew-310270,A,Asparagaceae,,Polygonatum,,"hausknechtii",var.,"stenophyllum","Bornm. & Sint.",Synonym,,L,WCSP,310270,,"Mitth. Thüring. Bot. Vereins","n.f., 18: 52","","1903",kew-284158
kew-284058,A,Asparagaceae,,Polygonatum,,"hebetifolium",,"","(R.R.Gates) Bush",Synonym,,H,WCSP,284058,205977-2,"Amer. Midl. Naturalist","10: 391","","1927",kew-284043
kew-284059,A,Asparagaceae,,Polygonatum,,"henryi",,"","Diels",Synonym,,H,WCSP,284059,540140-1,"Bot. Jahrb. Syst.","29: 247","","1900",kew-284031
kew-284060,A,Asparagaceae,,Polygonatum,,"hirtellum",,"","Hand.-Mazz.",Accepted,,H,WCSP,284060,540141-1,"Symb. Sin.","7: 1209","","1936",
kew-284061,A,Asparagaceae,,Polygonatum,,"hirtum",,"","(Bosc ex Poir.) Pursh",Accepted,,H,WCSP,284061,1022990-2,"Fl. Amer. Sept.","1: 234","","1813",
kew-284071,A,Asparagaceae,,Polygonatum,,"hondoense",,"","Nakai ex Koidz.",Synonym,,H,WCSP,284071,540143-1,"Fl. Symb. Orient.-Asiat.","34","","1930",kew-310543
kew-284063,A,Asparagaceae,,Polygonatum,,"hookeri",,"","Baker",Accepted,,H,WCSP,284063,540144-1,"J. Linn. Soc., Bot.","14: 558","","1875",
kew-284055,A,Asparagaceae,,Polygonatum,,"huanum",,"","H.Lév.",Synonym,,H,WCSP,284055,540145-1,"Nouv. Contrib. Liliac. Chine","11","","1906",kew-283977
kew-284065,A,Asparagaceae,,Polygonatum,,"humile",,"","Fisch. ex Maxim.",Accepted,,H,WCSP,284065,540146-1,"Prim. Fl. Amur.","275","","1859",
kew-285216,A,Asparagaceae,,Polygonatum,,"humile",var.,"humillimum","(Nakai) Y.N.Lee",Synonym,,L,WCSP,285216,994346-1,"Fl. Korea","1163","","1996",kew-284065
kew-337480,A,Asparagaceae,,Polygonatum,,"humile",var.,"krylovii","Ameljcz. & Malachova",Synonym,,L,WCSP,337480,77068801-1,"Bot. Zhurn. (Moscow & Leningrad)","90: 750","","2005",kew-284065
kew-284066,A,Asparagaceae,,Polygonatum,,"humillimum",,"","Nakai",Synonym,,H,WCSP,284066,540147-1,"Repert. Spec. Nov. Regni Veg.","13: 248","","1914",kew-284065
kew-284067,A,Asparagaceae,,Polygonatum,×,"hybridum",,"","Brügger",Accepted,,H,WCSP,284067,,"Jahresber. Naturf. Ges. Graubündens","29: 160","","1884-1885 publ. 1886",
kew-284068,A,Asparagaceae,,Polygonatum,,"ibukiense",,"","(Makino) Makino",Synonym,,H,WCSP,284068,540149-1,"Bot. Mag. (Tokyo)","21: 139","","1907",kew-283978
kew-284069,A,Asparagaceae,,Polygonatum,,"inflatum",,"","Kom.",Accepted,,H,WCSP,284069,540150-1,"Trudy Imp. S.-Peterburgsk. Bot. Sada","18: 442","","1901",
kew-371743,A,Asparagaceae,,Polygonatum,,"inflatum",var.,"rotundifolium","Hatus.",Synonym,,L,WCSP,371743,,"Bull. Kyushu Univ. Forests","5: 232","","1934",kew-284069
kew-285189,A,Asparagaceae,,Polygonatum,,"infundiflorum",,"","Y.S.Kim, B.U.Oh & C.G.Jang",Accepted,,H,WCSP,285189,1002746-1,"Korean J. Pl. Taxon.","28: 210","","1998",
kew-284028,A,Asparagaceae,,Polygonatum,×,"intermedium",,"","(Boenn.) Brügger",Synonym,Illegitimate,H,WCSP,284028,540153-1,"Jahresber. Naturf. Ges. Graubündens","29: 116","","1884-1885 publ. 1886",kew-284067
kew-284073,A,Asparagaceae,,Polygonatum,,"intermedium",,"","Dumort.",Synonym,,H,WCSP,284073,,"Fl. Belg.","139","","1827",kew-284010
kew-311508,A,Asparagaceae,,Polygonatum,×,"intermedium",var.,"symeanum","Rouy",Synonym,,L,WCSP,311508,,"Fl. France","12: 446","","1910",kew-284067
kew-283978,A,Asparagaceae,,Polygonatum,,"involucratum",,"","(Franch. & Sav.) Maxim.",Accepted,,H,WCSP,283978,540154-1,"Bull. Acad. Imp. Sci. Saint-Pétersbourg","29: 205","","1883",
kew-283979,A,Asparagaceae,,Polygonatum,,"iyoense",,"","Nakai ex Maek.",Synonym,,H,WCSP,283979,,"Bot. Mag. (Tokyo)","46: 584","","1932",kew-283965
kew-283980,A,Asparagaceae,,Polygonatum,,"jacquemontianum",,"","Kunth",Synonym,,H,WCSP,283980,540156-1,"Enum. Pl.","5: 143","","1850",kew-284150
kew-283981,A,Asparagaceae,,Polygonatum,,"japonicum",,"","C.Morren & Decne.",Synonym,,H,WCSP,283981,324454-2,"Ann. Sci. Nat., Bot.","II, 2: 311","","1834",kew-310422
tro-50069494,A,Asparagaceae,,Polygonatum,,"japonicum",var.,"formosanum","Hayata",Synonym,,L,TRO,50069494,,"","","","",kew-284031
kew-371747,A,Asparagaceae,,Polygonatum,,"japonicum",var.,"variegatum","Nakai",Synonym,,L,WCSP,371747,,"Bot. Mag. (Tokyo)","38: 299","","1924",kew-310420
kew-285381,A,Asparagaceae,,Polygonatum,,"jinzhaiense",,"","D.C.Zhang & J.Z.Shao",Accepted,,H,WCSP,285381,1013193-1,"Guihaia","20: 34","","2000",
kew-283982,A,Asparagaceae,,Polygonatum,,"kalapanum",,"","Hand.-Mazz.",Synonym,,H,WCSP,283982,540158-1,"Symb. Sin.","7: 1210","","1936",kew-284159
kew-283983,A,Asparagaceae,,Polygonatum,,"kansuense",,"","Maxim. ex Batalin",Synonym,,H,WCSP,283983,,"Trudy Imp. S.-Peterburgsk. Bot. Sada","11: 493","","1891",kew-284150
kew-283977,A,Asparagaceae,,Polygonatum,,"kingianum",,"","Collett & Hemsl.",Accepted,,H,WCSP,283977,,"J. Linn. Soc., Bot.","28: 28","","1890",
kew-284612,A,Asparagaceae,,Polygonatum,,"kingianum",var.,"cavaleriei","(H.Lév.) C.Jeffrey & McEwan",Synonym,,L,WCSP,284612,886405-1,"Kew Bull.","34: 464","","1980",kew-283977
kew-284641,A,Asparagaceae,,Polygonatum,,"kingianum",var.,"ericoideum","(H.Lév.) C.Jeffrey & McEwan",Synonym,,L,WCSP,284641,886406-1,"Kew Bull.","34: 464","","1980",kew-283977
kew-285254,A,Asparagaceae,,Polygonatum,,"kingianum",var.,"grandifolium","D.M.Liu & W.Z.Zeng",Synonym,,L,WCSP,285254,965525-1,"in Fl. Sichuanica","7: 230","","1991",kew-283977
kew-284670,A,Asparagaceae,,Polygonatum,,"kingianum",var.,"uncinatum","(Diels) C.Jeffrey & McEwan",Synonym,,L,WCSP,284670,886407-1,"Kew Bull.","34: 464","","1980",kew-283977
kew-285050,A,Asparagaceae,,Polygonatum,,"kiotense",,"","N.Yonez.",Synonym,,H,WCSP,285050,1004186-1,"Acta Phytotax. Geobot.","49: 19","","1998",kew-284075
kew-283986,A,Asparagaceae,,Polygonatum,,"kungii",,"","F.T.Wang & Tang",Synonym,,H,WCSP,283986,540163-1,"Bull. Fan Mem. Inst. Biol.","7: 285","","1937",kew-284189
kew-285160,A,Asparagaceae,,Polygonatum,,"langyaense",,"","D.C.Zhang & J.Z.Shao",Synonym,,H,WCSP,285160,961279-1,"Guihaia","12: 101","","1992",kew-284008
kew-283987,A,Asparagaceae,,Polygonatum,,"laoticum",,"","Gagnep.",Synonym,,H,WCSP,283987,540164-1,"Bull. Soc. Bot. France","81: 288","","1934",kew-304433
kew-283988,A,Asparagaceae,,Polygonatum,,"lasianthum",,"","Maxim.",Accepted,,H,WCSP,283988,540165-1,"Bull. Acad. Imp. Sci. Saint-Pétersbourg","29: 209","","1883",
kew-310542,A,Asparagaceae,,Polygonatum,,"lasianthum",f.,"amabile","(Yatabe) Makino",Synonym,,L,WCSP,310542,,"Unknown","","","",kew-284363
kew-310418,A,Asparagaceae,,Polygonatum,,"lasianthum",var.,"coreanum","Nakai",Synonym,,L,WCSP,310418,,"Repert. Spec. Nov. Regni Veg.","13: 247","","1914",kew-283988
kew-283989,A,Asparagaceae,,Polygonatum,,"latifolium",,"","Pursh",Synonym,Illegitimate,H,WCSP,283989,,"Fl. Amer. Sept.","1: 235","","1813",kew-284043
kew-283990,A,Asparagaceae,,Polygonatum,,"latifolium",,"","Desf.",Synonym,,H,WCSP,283990,205978-2,"Ann. Mus. Natl. Hist. Nat.","9: 50","","1807",kew-284061
kew-292439,A,Asparagaceae,,Polygonatum,,"latifolium",var.,"commutatum","(Schult. & Schult.f.) Baker",Synonym,,L,WCSP,292439,1100491-2,"J. Linn. Soc., Bot.","14: 555","","1875",kew-284043
kew-463879,A,Asparagaceae,,Polygonatum,,"latifolium",f.,"variegatum","Cheshm. & Delip.",Synonym,,L,WCSP,463879,77109011-1,"God. Sofiisk. Univ. Kliment Okhridski Biol. Fak. 2, Bot.","88(4): 72","","1997",kew-284061
kew-283985,A,Asparagaceae,,Polygonatum,,"lebrunii",,"","H.Lév.",Synonym,,H,WCSP,283985,540169-1,"Repert. Spec. Nov. Regni Veg.","12: 536","","1913",kew-284025
kew-285439,A,Asparagaceae,,Polygonatum,,"leiboense",,"","S.C.Chen & D.Q.Liu",Accepted,,H,WCSP,285439,904998-1,"Acta Phytotax. Sin.","22: 417","","1984",
kew-283984,A,Asparagaceae,,Polygonatum,,"leptophyllum",,"","(D.Don) Royle",Synonym,,H,WCSP,283984,540170-1,"Ill. Bot. Himal. Mts.","380","","1839",kew-284150
kew-283964,A,Asparagaceae,,Polygonatum,,"leveilleanum",,"","Fedde",Synonym,Illegitimate,H,WCSP,283964,540171-1,"Repert. Spec. Nov. Regni Veg.","28: 239","","1930",kew-284013
kew-285585,A,Asparagaceae,,Polygonatum,,"longipedunculatum",,"","S.Yun Liang",Accepted,,H,WCSP,285585,931770-1,"Acta Phytotax. Sin.","25: 64","","1987",
kew-285061,A,Asparagaceae,,Polygonatum,,"longistylum",,"","Y.Wan ex C.Z.Gao",Accepted,,H,WCSP,285061,940223-1,"Guihaia","10: 177","","1990",
kew-283965,A,Asparagaceae,,Polygonatum,,"macranthum",,"","(Maxim.) Koidz.",Accepted,,H,WCSP,283965,540172-1,"Bot. Mag. (Tokyo)","33: 111","","1919",
kew-283966,A,Asparagaceae,,Polygonatum,,"macrophyllum",,"","Sweet",Synonym,,H,WCSP,283966,540173-1,"Hort. Brit.","415","","1826",kew-284150
kew-283967,A,Asparagaceae,,Polygonatum,,"macropodum",,"","Turcz.",Accepted,,H,WCSP,283967,540174-1,"Bull. Soc. Imp. Naturalistes Moscou","5: 205","","1832",
kew-283976,A,Asparagaceae,,Polygonatum,,"mairei",,"","H.Lév.",Synonym,Illegitimate,H,WCSP,283976,540176-1,"Repert. Spec. Nov. Regni Veg.","11: 302","","1912",kew-284013
kew-283970,A,Asparagaceae,,Polygonatum,,"majale",,"","(L.) All.",Synonym,,H,WCSP,283970,540177-1,"Fl. Pedem.","1: 130","","1785",kew-303076
kew-283963,A,Asparagaceae,,Polygonatum,,"marmoratum",,"","H.Lév.",Synonym,,H,WCSP,283963,540178-1,"Repert. Spec. Nov. Regni Veg.","7: 384","","1909",kew-284004
kew-283971,A,Asparagaceae,,Polygonatum,,"martini",,"","H.Lév.",Synonym,,H,WCSP,283971,540179-1,"Bull. Acad. Int. Géogr. Bot.","12: 262","","1903",kew-284031
kew-283972,A,Asparagaceae,,Polygonatum,,"maximowiczii",,"","F.Schmidt",Synonym,,H,WCSP,283972,540180-1,"Reis. Amur-Land., Bot.","185","","1868",kew-310543
kew-283973,A,Asparagaceae,,Polygonatum,×,"mediobracteatum",,"","Ohwi",Synonym,,H,WCSP,283973,540181-1,"J. Jap. Bot.","13: 443","","1937",kew-284034
kew-284187,A,Asparagaceae,,Polygonatum,×,"mediobracteatum",var.,"yezoense","Miyabe & Tatew.",Synonym,,L,WCSP,284187,,"Trans. Sapporo Nat. Hist. Soc.","15: 47","","1937",kew-284034
kew-283974,A,Asparagaceae,,Polygonatum,,"megaphyllum",,"","P.Y.Li",Accepted,,H,WCSP,283974,540182-1,"Acta Phytotax. Sin.","11: 252","","1966",
kew-292438,A,Asparagaceae,,Polygonatum,,"melleum",,"","Farw.",Synonym,,H,WCSP,292438,205979-2,"Rep. (Annual) Michigan Acad. Sci.","20: 170","","1918",kew-284043
kew-283998,A,Asparagaceae,,Polygonatum,,"mengtzense",,"","F.T.Wang & Tang",Synonym,,H,WCSP,283998,540184-1,"Bull. Fan Mem. Inst. Biol.","7: 84","","1936",kew-284004
kew-283969,A,Asparagaceae,,Polygonatum,,"minutiflorum",,"","H.Lév.",Synonym,,H,WCSP,283969,540185-1,"Bull. Acad. Int. Géogr. Bot.","25: 38","","1915",kew-284150
kew-284945,A,Asparagaceae,,Polygonatum,,"mischtschenkoanum",,"","Greuter",Synonym,,H,WCSP,284945,20005374-1,"O.P.T.I.M.A. Newslett.","36: 17","","2002",kew-284085
kew-283991,A,Asparagaceae,,Polygonatum,×,"miserum",,"","Satake",Synonym,,H,WCSP,283991,540186-1,"J. Jap. Bot.","18: 37","","1942",kew-284034
tro-18405663,A,Asparagaceae,,Polygonatum,,"miserum",,"","Satake",Unresolved,,L,TRO,18405663,,"","","","",
kew-284009,A,Asparagaceae,,Polygonatum,×,"mixtum",,"","K.Richt.",Synonym,,H,WCSP,284009,540187-1,"Pl. Eur.","1: 233","","1890",kew-284067
kew-284010,A,Asparagaceae,,Polygonatum,,"multiflorum",,"","(L.) All.",Accepted,,H,WCSP,284010,540189-1,"Fl. Pedem.","1: 131","","1785",
kew-309986,A,Asparagaceae,,Polygonatum,,"multiflorum",var.,"americanum","Hook.",Synonym,,L,WCSP,309986,,"Fl. Bor.-Amer.","2: 176","","1839",kew-284043
kew-292437,A,Asparagaceae,,Polygonatum,,"multiflorum",var.,"biflorum","(Walter) Alph.Wood",Synonym,,L,WCSP,292437,205981-2,"Class-book Bot.","296","","1845",kew-284043
kew-311503,A,Asparagaceae,,Polygonatum,,"multiflorum",var.,"bracteatum","(B.Thomas) Kunth",Synonym,,L,WCSP,311503,,"Enum. Pl.","5: 139","","1850",kew-284010
kew-350168,A,Asparagaceae,,Polygonatum,,"multiflorum",subsp.,"bracteatum","(B.Thomas) K.Richt.",Synonym,,L,WCSP,350168,,"Pl. Eur.","1: 232","","1890",kew-284010
kew-350169,A,Asparagaceae,,Polygonatum,,"multiflorum",subsp.,"broteroi","(Guss.) K.Richt.",Synonym,,L,WCSP,350169,,"Pl. Eur.","1: 232","","1890",kew-284010
kew-292436,A,Asparagaceae,,Polygonatum,,"multiflorum",var.,"canaliculatum","(Willd.) Alph.Wood",Synonym,,L,WCSP,292436,205982-2,"Class-book Bot.","396","","1845",kew-284043
kew-311510,A,Asparagaceae,,Polygonatum,,"multiflorum",var.,"intermedium","(Boenn.) Baker",Synonym,,L,WCSP,311510,,"J. Linn. Soc., Bot.","14: 555","","1874",kew-284067
kew-350170,A,Asparagaceae,,Polygonatum,,"multiflorum",subsp.,"intermedium","(Boenn.) K.Richt.",Synonym,,L,WCSP,350170,,"Pl. Eur.","1: 232","","1890",kew-284067
kew-311505,A,Asparagaceae,,Polygonatum,,"multiflorum",var.,"latifolium","Kunth",Synonym,,L,WCSP,311505,,"Enum. Pl.","5: 139","","1850",kew-284010
kew-310622,A,Asparagaceae,,Polygonatum,,"multiflorum",var.,"longifolium","Merr.",Synonym,,L,WCSP,310622,,"Lingnan Sci. J.","7: 299","","1929 publ. 1931",kew-284031
kew-292512,A,Asparagaceae,,Polygonatum,,"multiflorum",var.,"pubescens","(Willd.) Alph.Wood",Synonym,,L,WCSP,292512,205983-2,"Class-book Bot.","396","","1845",kew-284002
kew-460752,A,Asparagaceae,,Polygonatum,,"multiflorum",var.,"ramosum","(Döll) Geisenh.",Synonym,,L,WCSP,460752,,"Deutsche Bot. Monatsschr.","11: 152","","1891",kew-284010
kew-284011,A,Asparagaceae,,Polygonatum,,"nervulosum",,"","Baker",Accepted,,H,WCSP,284011,540190-1,"J. Linn. Soc., Bot.","14: 557","","1875",
kew-284012,A,Asparagaceae,,Polygonatum,,"nipponicum",,"","Makino",Synonym,,H,WCSP,284012,540191-1,"Bot. Mag. (Tokyo)","17: 51","","1903",kew-284069
kew-284013,A,Asparagaceae,,Polygonatum,,"nodosum",,"","Hua",Accepted,,H,WCSP,284013,540192-1,"J. Bot. (Morot)","6: 394","","1892",
kew-284015,A,Asparagaceae,,Polygonatum,,"obtusifolium",,"","Miscz. ex Grossh.",Synonym,Illegitimate,H,WCSP,284015,540194-1,"Fl. Kavkaza","1: 241","","1928",kew-284019
kew-284021,A,Asparagaceae,,Polygonatum,,"obtusifolium",,"","Weinm.",Synonym,,H,WCSP,284021,540193-1,"Elench. Pl. Hort. Pawlowsk.","175","","1824",kew-284008
kew-284008,A,Asparagaceae,,Polygonatum,,"odoratum",,"","(Mill.) Druce",Accepted,,H,WCSP,284008,540195-1,"Ann. Scott. Nat. Hist.","1906: 226","","1906",
kew-292435,A,Asparagaceae,,Polygonatum,,"odoratum",var.,"ambiguum","J.F.Macbr.",Synonym,,L,WCSP,292435,205984-2,"Contr. Gray Herb.","56: 19","","1918",kew-284008
kew-284624,A,Asparagaceae,,Polygonatum,,"odoratum",f.,"attenuatum","(Borbás) Soó",Synonym,,L,WCSP,284624,886408-1,"Acta Bot. Acad. Sci. Hung.","16: 365","","1970 publ. 1971",kew-284008
kew-285429,A,Asparagaceae,,Polygonatum,,"odoratum",subsp.,"glaberrimum","(K.Koch) Elenevsky & Zernov",Synonym,,L,WCSP,285429,1014403-1,"Novosti Sist. Vyssh. Rast.","32: 25","","2000",kew-284085
kew-310424,A,Asparagaceae,,Polygonatum,,"odoratum",var.,"japonicum","(C.Morren & Decne.) H.Hara",Synonym,,L,WCSP,310424,,"J. Jap. Bot.","20: 98","","1943",kew-310422
kew-371746,A,Asparagaceae,,Polygonatum,,"odoratum",var.,"macranthum","(Hook.f.) H.Hara",Synonym,,L,WCSP,371746,,"J. Jap. Bot.","6: 395","","1892",kew-310420
kew-310543,A,Asparagaceae,,Polygonatum,,"odoratum",var.,"maximowiczii","(F.Schmidt) Koidz.",Accepted,,L,WCSP,310543,,"Bot. Mag. (Tokyo)","33: 111","","1919",
kew-311513,A,Asparagaceae,,Polygonatum,,"odoratum",var.,"odoratum","",Synonym,,L,WCSP,311513,,"Unknown","","","",kew-284008
tro-50069413,A,Asparagaceae,,Polygonatum,,"odoratum",f.,"ovalifolium","Y.C. Chu",Synonym,,L,TRO,50069413,973743-1,"Nat. Resources Res.","2: 4","4","1979",kew-284008
kew-285203,A,Asparagaceae,,Polygonatum,,"odoratum",f.,"ovarifolium","Y.C.Chu",Synonym,,L,WCSP,285203,,"Nat. Resources Res.","2: 4","","1979",kew-284008
kew-310420,A,Asparagaceae,,Polygonatum,,"odoratum",var.,"pluriflorum","(Miq.) Ohwi",Accepted,,L,WCSP,310420,,"Bull. Natl. Sci. Mus. Tokyo","26: 7","","1949",
kew-310421,A,Asparagaceae,,Polygonatum,,"odoratum",var.,"quelpaertense","(Ohwi) H.Hara",Synonym,,L,WCSP,310421,,"J. Jap. Bot.","20: 99","","1943",kew-310420
kew-310422,A,Asparagaceae,,Polygonatum,,"odoratum",var.,"thunbergii","(C.Morren & Decne.) H.Hara",Accepted,,L,WCSP,310422,,"J. Jap. Bot.","20: 98","","1943",
kew-337481,A,Asparagaceae,,Polygonatum,,"odoratum",var.,"triploideum","Ameljcz. & Malachova",Synonym,,L,WCSP,337481,77068800-1,"Bot. Zhurn. (Moscow & Leningrad)","90: 750","","2005",kew-284008
kew-348005,A,Asparagaceae,,Polygonatum,,"odoratum",f.,"variegatum","Y.N.Lee ex F.M.Vázquez & S.Ramos",Synonym,,L,WCSP,348005,77075798-1,"Acta Bot. Malac.","30: 172","","2005",kew-284008
kew-284017,A,Asparagaceae,,Polygonatum,,"officinale",,"","All.",Synonym,,H,WCSP,284017,540196-1,"Fl. Pedem.","1: 131","","1785",kew-284008
kew-341231,A,Asparagaceae,,Polygonatum,,"officinale",var.,"ambiguum","(Link ex Schult. & Schult.f.) Nyman",Synonym,,L,WCSP,341231,,"Consp. Fl. Eur.","717","","1882",kew-284008
kew-310623,A,Asparagaceae,,Polygonatum,,"officinale",var.,"formosanum","Hayata",Synonym,,L,WCSP,310623,,"Icon. Pl. Formosan.","9: 140","","1920",kew-284041
kew-310416,A,Asparagaceae,,Polygonatum,,"officinale",var.,"humile","(Fisch. ex Maxim.) Baker",Synonym,,L,WCSP,310416,,"J. Linn. Soc., Bot.","14: 554","","1875",kew-284065
kew-311507,A,Asparagaceae,,Polygonatum,,"officinale",var.,"intermedium","(Boenn.) Syme",Synonym,,L,WCSP,311507,,"Engl. Bot.","ed. 3, 9: 179","","1869",kew-284067
kew-310423,A,Asparagaceae,,Polygonatum,,"officinale",var.,"japonicum","(C.Morren & Decne.) Miq.",Synonym,,L,WCSP,310423,,"Ann. Mus. Bot. Lugduno-Batavi","3: 148","","1867",kew-310422
kew-371745,A,Asparagaceae,,Polygonatum,,"officinale",var.,"macranthum","(Hook.f.) Hua",Synonym,,L,WCSP,371745,,"J. Bot. (Morot)","6: 395","","1892",kew-310420
kew-452424,A,Asparagaceae,,Polygonatum,,"officinale",var.,"papillosum","Franch.",Synonym,,L,WCSP,452424,,"Pl. David.","1: 302","","1884",kew-284008
kew-310419,A,Asparagaceae,,Polygonatum,,"officinale",var.,"pluriflorum","Miq.",Synonym,,L,WCSP,310419,,"Ann. Mus. Bot. Lugduno-Batavi","3: 148","","1867",kew-310420
kew-310426,A,Asparagaceae,,Polygonatum,,"officinale",f.,"robustum","Korsh.",Synonym,,L,WCSP,310426,,"Trudy Imp. S.-Peterburgsk. Bot. Sada","12: 401","","1892",kew-284070
kew-285269,A,Asparagaceae,,Polygonatum,,"omeiense",,"","Z.Y.Zhu",Accepted,,H,WCSP,285269,961304-1,"Bull. Bot. Res., Harbin","12: 267","","1992",
kew-284018,A,Asparagaceae,,Polygonatum,,"oppositifolium",,"","(Wall.) Royle",Accepted,,H,WCSP,284018,540197-1,"Ill. Bot. Himal. Mts.","380","","1839",
kew-311514,A,Asparagaceae,,Polygonatum,,"oppositifolium",var.,"oppositifolium","",Synonym,,L,WCSP,311514,,"Unknown","","","",kew-284018
kew-284019,A,Asparagaceae,,Polygonatum,,"orientale",,"","Desf.",Accepted,,H,WCSP,284019,540198-1,"Ann. Mus. Natl. Hist. Nat.","9: 50","","1807",
kew-284020,A,Asparagaceae,,Polygonatum,,"ovatum",,"","(Farw.) Bush",Synonym,,H,WCSP,284020,205985-2,"Amer. Midl. Naturalist","10: 397","","1927",kew-284043
kew-284928,A,Asparagaceae,,Polygonatum,,"ovatum",,"","Miscz. ex Tamanian",Synonym,Illegitimate,H,WCSP,284928,,"Fl. Armenii","10: 269","","2001",kew-284085
kew-284000,A,Asparagaceae,,Polygonatum,,"parcifolium",,"","F.T.Wang & Tang",Synonym,,H,WCSP,284000,,"Contr. Inst. Bot. Natl. Acad. Peiping","6(Reimpr.): 216","","1949",kew-284004
kew-284016,A,Asparagaceae,,Polygonatum,,"parviflorum",,"","A.Dietr.",Synonym,,H,WCSP,284016,540202-1,"Allg. Gartenzeitung","3: 222","","1835",kew-284043
kew-285440,A,Asparagaceae,,Polygonatum,,"pendulum",,"","Z.G.Liu & X.H.Hu",Synonym,,H,WCSP,285440,904999-1,"Acta Phytotax. Sin.","22: 426","","1984",kew-277988
kew-284014,A,Asparagaceae,,Polygonatum,,"periballanthus",,"","Makino",Synonym,Illegitimate,H,WCSP,284014,540203-1,"Bot. Mag. (Tokyo)","12: 228","","1898",kew-283978
kew-310417,A,Asparagaceae,,Polygonatum,,"periballanthus",var.,"ibukiense","Makino",Synonym,,L,WCSP,310417,,"Bot. Mag. (Tokyo)","12: 228","","1898",kew-283978
kew-283993,A,Asparagaceae,,Polygonatum,,"petiolatum",,"","H.Lév.",Synonym,,H,WCSP,283993,540204-1,"Repert. Spec. Nov. Regni Veg.","11: 33","","1912",kew-283988
kew-283994,A,Asparagaceae,,Polygonatum,,"planifilum",,"","Kitag. & Hir.Takah.",Synonym,,H,WCSP,283994,540205-1,"J. Jap. Bot.","46: 307","","1971",kew-310420
kew-283995,A,Asparagaceae,,Polygonatum,,"platyphyllum",,"","Franch.",Synonym,,H,WCSP,283995,540206-1,"J. Bot. (Morot)","4: 318","","1889",kew-283978
kew-283996,A,Asparagaceae,,Polygonatum,,"polyanthemum",,"","(M.Bieb.) Link",Synonym,,H,WCSP,283996,,"Handbuch","1: 185","","1829",kew-284019
kew-283997,A,Asparagaceae,,Polygonatum,,"polygonatum",,"","Jiraselk ex Schult. & Schult.f.",Synonym,Invalid,H,WCSP,283997,540208-1,"Syst. Veg.","7: 299","","1829",kew-284008
kew-284007,A,Asparagaceae,,Polygonatum,,"polygonatum",,"","(L.) Voss",Synonym,Invalid,H,WCSP,284007,540209-1,"Vilm. Blumengärtn. ed. 3","1: 1069","","1895",kew-284008
kew-283999,A,Asparagaceae,,Polygonatum,,"prattii",,"","Baker",Accepted,,H,WCSP,283999,540210-1,"Hooker's Icon. Pl.","28: t. 2217","","1892",
kew-283992,A,Asparagaceae,,Polygonatum,,"pruinosum",,"","Boiss.",Synonym,,H,WCSP,283992,540211-1,"Fl. Orient.","5: 332","","1882",kew-284085
kew-284001,A,Asparagaceae,,Polygonatum,×,"pseudopolyanthemum",,"","Miscz. ex Grossh.",Accepted,,H,WCSP,284001,540212-1,"Fl. Kavkaza","1: 241","","1928",
kew-284002,A,Asparagaceae,,Polygonatum,,"pubescens",,"","(Willd.) Pursh",Accepted,,H,WCSP,284002,540213-1,"Fl. Amer. Sept.","1: 234","","1813",
kew-292431,A,Asparagaceae,,Polygonatum,,"pubescens",var.,"australe","(Farw.) R.R.Gates",Synonym,,L,WCSP,292431,205986-2,"Bull. Torrey Bot. Club","44: 119","","1917",kew-284002
kew-292430,A,Asparagaceae,,Polygonatum,,"pubescens",var.,"boreale","(Greene) Farw.",Synonym,,L,WCSP,292430,205987-2,"Amer. Midl. Naturalist","11: 76","","1928",kew-284002
kew-292429,A,Asparagaceae,,Polygonatum,,"pubescens",var.,"cuneatum","(Greene) Farw.",Synonym,,L,WCSP,292429,205988-2,"Bull. Torrey Bot. Club","42: 253","","1915",kew-284002
kew-292434,A,Asparagaceae,,Polygonatum,,"pubescens",f.,"cuneatum","(Greene) Vict.",Synonym,,L,WCSP,292434,205989-2,"Contr. Lab. Bot. Univ. Montréal","14: 28","","1929",kew-284002
kew-292433,A,Asparagaceae,,Polygonatum,,"pubescens",f.,"fultius","Fernald & S.K.Harris",Synonym,,L,WCSP,292433,205990-2,"Rhodora","35: 404","","1933",kew-284002
kew-292450,A,Asparagaceae,,Polygonatum,,"pubescens",var.,"multiflorum","(Farw.) Farw.",Synonym,,L,WCSP,292450,205991-2,"Amer. Midl. Naturalist","11: 77","","1928",kew-284002
tro-18403992,A,Asparagaceae,,Polygonatum,,"pubescens",f.,"pubescens","",Synonym,,L,TRO,18403992,,"","","","",kew-284002
kew-284003,A,Asparagaceae,,Polygonatum,,"pumilum",,"","Hua",Synonym,,H,WCSP,284003,540214-1,"J. Bot. (Morot)","6: 423","","1892",kew-284063
kew-284004,A,Asparagaceae,,Polygonatum,,"punctatum",,"","Royle ex Kunth",Accepted,,H,WCSP,284004,,"Enum. Pl.","5: 142","","1850",
kew-284005,A,Asparagaceae,,Polygonatum,,"quelpaertense",,"","Ohwi",Synonym,,H,WCSP,284005,540216-1,"J. Jap. Bot.","13: 443","","1937",kew-310420
kew-284006,A,Asparagaceae,,Polygonatum,,"quinquefolium",,"","Kitag.",Synonym,,H,WCSP,284006,540217-1,"Rep. Inst. Sci. Res. Manchoukuo","4: 79","","1940",kew-284358
kew-284185,A,Asparagaceae,,Polygonatum,,"racemosum",,"","F.T.Wang & Tang",Synonym,,H,WCSP,284185,540219-1,"Bull. Fan Mem. Inst. Biol.","7: 286","","1937",kew-284362
kew-284070,A,Asparagaceae,,Polygonatum,,"robustum",,"","(Korsh.) Nakai",Accepted,,H,WCSP,284070,540220-1,"Bot. Mag. (Tokyo)","31: 282","","1917",
kew-284154,A,Asparagaceae,,Polygonatum,,"roseum",,"","Hook.",Synonym,Illegitimate,H,WCSP,284154,540221-1,"Bot. Mag.","84: t. 5049","","1858",kew-284150
kew-284155,A,Asparagaceae,,Polygonatum,,"roseum",,"","(Ledeb.) Kunth",Accepted,,H,WCSP,284155,540222-1,"Enum. Pl.","5: 144","","1850",
kew-284156,A,Asparagaceae,,Polygonatum,,"sadoense",,"","Nakai ex Koidz.",Synonym,,H,WCSP,284156,540223-1,"Fl. Symb. Orient.-Asiat.","34","","1930",kew-283965
kew-284157,A,Asparagaceae,,Polygonatum,,"salamonis",,"","Montandon",Synonym,,H,WCSP,284157,,"Syn. Fl. Jura","ed. 2: 311","","1868",kew-284010
kew-284158,A,Asparagaceae,,Polygonatum,,"sewerzowii",,"","Regel",Accepted,,H,WCSP,284158,,"Bull. Soc. Imp. Naturalistes Moscou","41(1): 436","","1868",
kew-284168,A,Asparagaceae,,Polygonatum,,"sibiricum",,"","F.Delaroche",Accepted,,H,WCSP,284168,,"Liliac.","6: t. 315","","1811",
tro-18403530,A,Asparagaceae,,Polygonatum,,"sibiricum",,"","Redouté",Unresolved,,L,TRO,18403530,,"Liliac.","6: pl. 315","pl. 315","1812",
kew-284160,A,Asparagaceae,,Polygonatum,,"sigillum",,"","Druce",Synonym,Illegitimate,H,WCSP,284160,540227-1,"List Brit. Pl.","69","","1908",kew-284008
kew-284152,A,Asparagaceae,,Polygonatum,,"silvicolum",,"","Makino",Synonym,,H,WCSP,284152,540228-1,"J. Jap. Bot.","3: 26","","1926",kew-283965
kew-284162,A,Asparagaceae,,Polygonatum,,"simizui",,"","Kitag.",Synonym,,H,WCSP,284162,540229-1,"J. Jap. Bot.","22: 176","","1948",kew-284008
kew-284163,A,Asparagaceae,,Polygonatum,,"singalilense",,"","H.Hara",Accepted,,H,WCSP,284163,540230-1,"J. Jap. Bot.","40: 102","","1965",
kew-284164,A,Asparagaceae,,Polygonatum,,"sinomairei",,"","F.T.Wang & Tang",Synonym,,H,WCSP,284164,540231-1,"Bull. Fan Mem. Inst. Biol.","7: 84","","1936",kew-284004
kew-284165,A,Asparagaceae,,Polygonatum,,"skorpili",,"","Velen.",Synonym,,H,WCSP,284165,540232-1,"Sitzungsber. Königl. Böhm. Ges. Wiss., Math.-Naturwiss. Cl.","37: 61","","1893 publ. 1894",kew-284061
kew-284166,A,Asparagaceae,,Polygonatum,,"souliei",,"","Hua",Synonym,,H,WCSP,284166,540233-1,"J. Bot. (Morot)","6: 427","","1892",kew-284025
kew-284942,A,Asparagaceae,,Polygonatum,,"sparsifolium",,"","F.T.Wang & Tang",Accepted,,H,WCSP,284942,20007501-1,"Fl. Hubeiensis","4: 511","","2002",
kew-284144,A,Asparagaceae,,Polygonatum,,"stenanthum",,"","Nakai",Synonym,,H,WCSP,284144,540234-1,"Bot. Mag. (Tokyo)","27: 34","","1913",kew-284075
kew-284161,A,Asparagaceae,,Polygonatum,,"stenophyllum",,"","Maxim.",Accepted,,H,WCSP,284161,540235-1,"Prim. Fl. Amur.","274","","1859",
kew-284159,A,Asparagaceae,,Polygonatum,,"stewartianum",,"","Diels",Accepted,,H,WCSP,284159,540236-1,"Notes Roy. Bot. Gard. Edinburgh","5: 298","","1912",
kew-285567,A,Asparagaceae,,Polygonatum,,"strumulosum",,"","D.M.Liu & W.Z.Zeng",Synonym,,H,WCSP,285567,929914-1,"Bull. Bot. Res., Harbin","6(2): 92","","1986",kew-284025
kew-284137,A,Asparagaceae,,Polygonatum,×,"tamaense",,"","H.Hara",Accepted,,H,WCSP,284137,540237-1,"J. Jap. Bot.","28: 312","","1953",
kew-284138,A,Asparagaceae,,Polygonatum,,"taquetii",,"","H.Lév. & Vaniot",Synonym,,H,WCSP,284138,,"Repert. Spec. Nov. Regni Veg.","5: 282","","1908",kew-283988
kew-284139,A,Asparagaceae,,Polygonatum,,"tenuiflorum",,"","Koidz.",Synonym,,H,WCSP,284139,540239-1,"Bot. Mag. (Tokyo)","33: 112","","1919",kew-284075
kew-284140,A,Asparagaceae,,Polygonatum,,"tessellatum",,"","F.T.Wang & Tang",Accepted,,H,WCSP,284140,540240-1,"Bull. Fan Mem. Inst. Biol.","7: 85","","1936",
kew-284141,A,Asparagaceae,,Polygonatum,,"thunbergii",,"","C.Morren & Decne.",Synonym,,H,WCSP,284141,540241-1,"Ann. Sci. Nat., Bot.","II, 2: 312","","1834",kew-310422
kew-284151,A,Asparagaceae,,Polygonatum,,"tonkinense",,"","Gagnep.",Synonym,,H,WCSP,284151,540242-1,"Bull. Soc. Bot. France","81: 288","","1934",kew-304433
kew-284143,A,Asparagaceae,,Polygonatum,,"trichosanthum",,"","Koidz.",Synonym,,H,WCSP,284143,540243-1,"Bot. Mag. (Tokyo)","33: 112","","1919",kew-373747
kew-284136,A,Asparagaceae,,Polygonatum,,"trinerve",,"","Hua",Synonym,,H,WCSP,284136,540244-1,"J. Bot. (Morot)","6: 445","","1892",kew-284025
kew-285582,A,Asparagaceae,,Polygonatum,,"tsinlingense",,"","Tsui",Unresolved,,L,WCSP,285582,928318-1,"Contr. Inst. Bot. Natl. Acad. Peiping","6(3): 135","","1949",
kew-284145,A,Asparagaceae,,Polygonatum,,"umbellatum",,"","Baker",Synonym,,H,WCSP,284145,540245-1,"J. Linn. Soc., Bot.","14: 553","","1875",kew-283967
kew-284146,A,Asparagaceae,,Polygonatum,,"umbellatum",,"","H.Lév.",Synonym,Illegitimate,H,WCSP,284146,540246-1,"Repert. Spec. Nov. Regni Veg.","11: 495","","1913",kew-284075
kew-284147,A,Asparagaceae,,Polygonatum,,"uncinatum",,"","Diels",Synonym,,H,WCSP,284147,540247-1,"Notes Roy. Bot. Gard. Edinburgh","5: 297","","1912",kew-283977
kew-284148,A,Asparagaceae,,Polygonatum,,"uniflorum",,"","Gilib.",Synonym,Invalid,H,WCSP,284148,540248-1,"Exerc. Phyt.","2: 463","","1792",kew-284008
kew-284149,A,Asparagaceae,,Polygonatum,,"velenovskyi",,"","Rohlena",Unresolved,,L,WCSP,284149,540249-1,"Repert. Spec. Nov. Regni Veg.","17: 33","","1921",
kew-284150,A,Asparagaceae,,Polygonatum,,"verticillatum",,"","(L.) All.",Accepted,,H,WCSP,284150,540250-1,"Fl. Pedem.","1: 131","","1785",
kew-309804,A,Asparagaceae,,Polygonatum,,"verticillatum",var.,"gracile","Baker ex Aitch.",Synonym,,L,WCSP,309804,,"J. Linn. Soc., Bot.","18: 103","","1880",kew-284150
kew-350171,A,Asparagaceae,,Polygonatum,,"verticillatum",subsp.,"stellifolium","(Peterm.) K.Richt.",Synonym,,L,WCSP,350171,,"Pl. Eur.","1: 233","","1890",kew-284150
kew-310427,A,Asparagaceae,,Polygonatum,,"verticillatum",var.,"stenophyllum","(Maxim.) Baker",Synonym,,L,WCSP,310427,,"J. Linn. Soc., Bot.","14: 561","","1875",kew-284161
kew-285563,A,Asparagaceae,,Polygonatum,,"vietnamicum",,"","L.I.Abramova",Accepted,,H,WCSP,285563,931314-1,"Novosti Sist. Vyssh. Rast.","23: 47","","1986",
kew-284170,A,Asparagaceae,,Polygonatum,,"virens",,"","Nakai",Synonym,,H,WCSP,284170,540251-1,"Repert. Spec. Nov. Regni Veg.","13: 247","","1914",kew-284069
kew-284193,A,Asparagaceae,,Polygonatum,,"virginicum",,"","Greene",Synonym,,H,WCSP,284193,205992-2,"Leafl. Bot. Observ. Crit.","1: 181","","1906",kew-284043
kew-284167,A,Asparagaceae,,Polygonatum,,"vulgare",,"","Desf.",Synonym,,H,WCSP,284167,540253-1,"Ann. Mus. Natl. Hist. Nat.","9: 49","","1807",kew-284008
kew-292452,A,Asparagaceae,,Polygonatum,,"vulgare",var.,"japonicum","(C.Morren & Decne.) Franch. & Sav.",Synonym,,L,WCSP,292452,1096921-2,"Enum. Pl. Jap.","2: 54","","1877",kew-310422
kew-371744,A,Asparagaceae,,Polygonatum,,"vulgare",var.,"macranthum","Hook.f.",Synonym,,L,WCSP,371744,,"Bot. Mag.","100: t. 6133","","1874",kew-310420
kew-284186,A,Asparagaceae,,Polygonatum,,"wardii",,"","F.T.Wang & Tang",Accepted,,H,WCSP,284186,540254-1,"Bull. Fan Mem. Inst. Biol.","7: 284","","1937",
kew-284188,A,Asparagaceae,,Polygonatum,,"yunnanense",,"","H.Lév.",Synonym,,H,WCSP,284188,540256-1,"Cat. Pl. Yunnan","168","","1916",kew-284013
kew-284189,A,Asparagaceae,,Polygonatum,,"zanlanscianense",,"","Pamp.",Accepted,,H,WCSP,284189,540257-1,"Nuovo Giorn. Bot. Ital.","n.s., 22: 267","","1915",
tro-50104980,A,Asparagaceae,,Polygonatum,,"zhejiangense",,"","X.J. Xue & H. Yao",Unresolved,,L,TRO,50104980,,"Bull. Bot. Res., Harbin","14(3): 241–242, f. 1","241","1994",
kew-285183,A,Asparagaceae,,Polygonatum,,"zhejiangensis",,"","X.J.Xue & H.Yao",Accepted,,H,WCSP,285183,978465-1,"Bull. Bot. Res., Harbin","14: 241","","1994",
