ID,Major group,Family,Genus hybrid marker,Genus,Species hybrid marker,Species,Infraspecific rank,Infraspecific epithet,Authorship,Taxonomic status in TPL,Nomenclatural status from original data source,Confidence level,Source,Source id,IPNI id,Publication,Collation,Page,Date,Accepted ID
kew-2591985,A,Leguminosae,,Sarothamnus,,"affinis",,"","Boiss.",Unresolved,,L,WCSP (in review),,517923-1,"Voy. Bot. Espagne","2: 134","","1840",
tro-13056457,A,Leguminosae,,Sarothamnus,,"albus",,"","(Lam.) M. Laínz",Accepted,,M,TRO,13056457,517924-1,"Bol. Inst. Estud. Astur., Supl. Cienc.,","15: 23","23","1970",
kew-2592027,A,Leguminosae,,Sarothamnus,,"andreanus",,"","(Puiss.) Bergmans",Unresolved,,L,WCSP (in review),,517925-1,"Vaste Pl. Rotsheesters","487","","1924",kew-2819024
kew-2592028,A,Leguminosae,,Sarothamnus,,"arboreus",,"","Webb",Unresolved,,L,WCSP (in review),,517927-1,"Iter Hispan.","52","","1838",
kew-2592029,A,Leguminosae,,Sarothamnus,,"arboreus",,"","Boiss.",Unresolved,,L,WCSP (in review),,517926-1,"Voy. Bot. Espagne","2: 137","","1840",
ild-9749,A,Leguminosae,,Sarothamnus,,"baeticus",,"","Webb",Synonym,,H,ILDIS,9749,,"","","","",ild-8764
tro-13054425,A,Leguminosae,,Sarothamnus,,"balansae",,"","Boiss.",Synonym,,M,TRO,13054425,517929-1,"Diagn. Pl. Orient., ser. 2","3(2): 7–8","7","1856",ild-8349
ild-9769,A,Leguminosae,,Sarothamnus,,"bourgaei",,"","Boiss.",Synonym,,H,ILDIS,9769,,"","","","",ild-8778
kew-2592042,A,Leguminosae,,Sarothamnus,,"burgalensis",,"","Sennen & Elias",Unresolved,,L,WCSP (in review),,517931-1,"Bol. Soc. Ibér. Ci. Nat.","26: 85","","1927",
ild-9750,A,Leguminosae,,Sarothamnus,,"cantabricus",,"","Willk.",Synonym,,H,ILDIS,9750,,"","","","",ild-8765
kew-2592036,A,Leguminosae,,Sarothamnus,,"carlieri",,"","Compton ex Nyman",Unresolved,,L,WCSP (in review),,517934-1,"Consp. Fl. Eur.","150","","1878",
ild-31966,A,Leguminosae,,Sarothamnus,,"catalaunicus",,"","Webb",Synonym,,H,ILDIS,31966,,"","","","",ild-8346
ild-9751,A,Leguminosae,,Sarothamnus,,"commutatus",,"","Willk.",Synonym,,H,ILDIS,9751,,"","","","",ild-8766
kew-2592039,A,Leguminosae,,Sarothamnus,,"dieckii",,"","Lange",Unresolved,,L,WCSP (in review),,517937-1,"Overs. Kongel. Danske Vidensk. Selsk. Forh. Medlemmers Arbeider","1893: 202","","1893",
kew-2592040,A,Leguminosae,,Sarothamnus,,"eliasii",,"","Sennen",Unresolved,,L,WCSP (in review),,517938-1,"Bol. Soc. Ibér. Ci. Nat.","26: 86","","1927",
kew-2592019,A,Leguminosae,,Sarothamnus,,"ericetorum",,"","Gand.",Unresolved,,L,WCSP (in review),,517939-1,"Fl. Lyon.","70","","1875",
ild-9555,A,Leguminosae,,Sarothamnus,,"eriocarpus",,"","Boiss. & Reut.",Synonym,,H,ILDIS,9555,,"","","","",ild-8371
kew-2592033,A,Leguminosae,,Sarothamnus,,"gaditanus",,"","Boiss. & Reut.",Unresolved,,L,WCSP (in review),,517941-1,"Diagn. Pl. Nov. Hisp.","10","","1842",
tro-13061018,A,Leguminosae,,Sarothamnus,,"glancus",,"","St. Lager, in Cariot",Unresolved,,L,TRO,13061018,,"Etud. des Fl., ed. 8","2: 159","159","1889",
kew-2592012,A,Leguminosae,,Sarothamnus,,"glaucus",,"","St.-Lag.",Unresolved,,L,WCSP (in review),,,"Étude Fl.","ed. 8, 2: 159","","1889",
ild-9553,A,Leguminosae,,Sarothamnus,,"grandiflorus",,"","(DC.) Willk.",Synonym,,H,ILDIS,9553,,"","","","",ild-31569
ild-9554,A,Leguminosae,,Sarothamnus,,"lusitanicus",,"","(Mill.) Pau",Synonym,,H,ILDIS,9554,,"","","","",ild-31569
kew-2592015,A,Leguminosae,,Sarothamnus,,"macranthus",,"","(Ball) Pau",Unresolved,,L,WCSP (in review),,517945-1,"Iter Marocc.","1930: 308","","1932",
ild-10042,A,Leguminosae,,Sarothamnus,,"malacitanus",,"","(Boiss.) Boiss.",Synonym,,H,ILDIS,10042,,"","","","",ild-9183
ild-8366,A,Leguminosae,,Sarothamnus,,"maurus",,"","(Humbert & Maire) Raynaud",Synonym,,H,ILDIS,8366,,"","","","",ild-8365
kew-2592011,A,Leguminosae,,Sarothamnus,,"megalanthus",,"","Pau & Font Quer ex Maire",Unresolved,,L,WCSP (in review),,,"Cavanillesia","2: 50","","1928",
kew-2592018,A,Leguminosae,,Sarothamnus,,"megalanthus",,"","Pau & Font Quer",Unresolved,,L,WCSP (in review),,517949-1,"Iter Marocc.","1927: 288","","1928",
tro-13061032,A,Leguminosae,,Sarothamnus,,"multiflorus",,"","(Aiton) Samp.",Accepted,,M,TRO,13061032,,"An. Fac. Sc. Porto","19: 87","87","1934",
kew-2592021,A,Leguminosae,,Sarothamnus,,"obtusatus",,"","Gand.",Unresolved,,L,WCSP (in review),,517951-1,"Fl. Lyon.","70","","1875",
kew-2592022,A,Leguminosae,,Sarothamnus,,"ochroleucus",,"","Gand.",Unresolved,,L,WCSP (in review),,517952-1,"Bull. Soc. Bot. France","48: 416","","1901",
ild-9770,A,Leguminosae,,Sarothamnus,,"oxyphyllus",,"","Boiss.",Synonym,,H,ILDIS,9770,,"","","","",ild-8778
kew-2592024,A,Leguminosae,,Sarothamnus,,"parviflorus",,"","Willk. & Cutanda",Unresolved,,L,WCSP (in review),,517954-1,"Linnaea","30: 95","","1859",
ild-9558,A,Leguminosae,,Sarothamnus,,"patens",,"","sensu Webb",Synonym,,H,ILDIS,9558,,"","","","",ild-8371
ild-9748,A,Leguminosae,,Sarothamnus,,"patens",,"","(L.) Webb",Synonym,,H,ILDIS,9748,,"","","","",ild-8764
ild-9767,A,Leguminosae,,Sarothamnus,,"purgans",,"","(L.) Godr.",Synonym,,H,ILDIS,9767,,"","","","",ild-31961
ild-9768,A,Leguminosae,,Sarothamnus,,"reverchonii",,"","Degen & Hervier",Synonym,,H,ILDIS,9768,,"","","","",ild-8776
ild-31967,A,Leguminosae,,Sarothamnus,,"rotundatus",,"","Pau",Synonym,,H,ILDIS,31967,,"","","","",ild-9183
ild-8370,A,Leguminosae,,Sarothamnus,,"scoparius",,"","(L.) W.D.J.Koch",Synonym,,H,ILDIS,8370,,"","","","",ild-8778
ild-10045,A,Leguminosae,,Sarothamnus,,"scoparius",subsp.,"maritimus","(Rouy) Ulbr.",Synonym,,L,ILDIS,10045,,"","","","",ild-9185
ild-10043,A,Leguminosae,,Sarothamnus,,"scoparius",subsp.,"scoparius","",Synonym,,L,ILDIS,10043,,"","","","",ild-8778
ild-8372,A,Leguminosae,,Sarothamnus,,"striatus",,"","(Hill) Samp.",Synonym,,H,ILDIS,8372,,"","","","",ild-8371
ild-9551,A,Leguminosae,,Sarothamnus,,"virgatus",,"","Webb",Synonym,,H,ILDIS,9551,,"","","","",ild-31569
ild-55035,A,Leguminosae,,Sarothamnus,,"vulgaris",,"","Wimm.",Synonym,,H,ILDIS,55035,,"","","","",ild-8778
ild-9557,A,Leguminosae,,Sarothamnus,,"welwitschii",,"","Boiss. & Reut.",Synonym,,H,ILDIS,9557,,"","","","",ild-8371
