ID,Major group,Family,Genus hybrid marker,Genus,Species hybrid marker,Species,Infraspecific rank,Infraspecific epithet,Authorship,Taxonomic status in TPL,Nomenclatural status from original data source,Confidence level,Source,Source id,IPNI id,Publication,Collation,Page,Date,Accepted ID
kew-2507837,G,Zamiaceae,,Macrozamia,,"amabilis",,"","W.Bull",Synonym,,L,WCSP,379248,297155-1,"Cat.","1847: 7","","1847",kew-2507839
kew-2507824,G,Zamiaceae,,Macrozamia,,"breviformis",,"","J.Schust.",Synonym,Invalid,H,WCSP,379238,,"Pflanzenr.","IV, 1: 130","","1932",kew-2711335
kew-2507835,G,Zamiaceae,,Macrozamia,,"cardiacensis",,"","P.I.Forst. & D.L.Jones",Accepted,,H,WCSP,379246,1005722-1,"in Fl. Australia","48: 717","","1998",
kew-2507839,G,Zamiaceae,,Macrozamia,,"communis",,"","L.A.S.Johnson",Accepted,,L,WCSP,379250,871786-1,"Proc. Linn. Soc. New South Wales","84: 98","","1959",
kew-2507833,G,Zamiaceae,,Macrozamia,,"concinna",,"","D.L.Jones",Accepted,,H,WCSP,379244,1005726-1,"in Fl. Australia","48: 718","","1998",
kew-2507832,G,Zamiaceae,,Macrozamia,,"conferta",,"","D.L.Jones & P.I.Forst.",Accepted,,H,WCSP,379243,979679-1,"Austrobaileya","4: 271","","1994",
kew-2507831,G,Zamiaceae,,Macrozamia,,"corallipes",,"","(J.Verschaff.) Hook.f.",Synonym,,H,WCSP,379242,297157-1,"Bot. Mag.","98: t. 5943","","1872",kew-2507816
kew-2512234,G,Zamiaceae,,Macrozamia,,"corallipes",var.,"gyrata","C.Mohr",Synonym,,L,WCSP,379316,,"Rev. Hort. Belge Étrangère","3: 69","","1877",kew-2507816
kew-2507830,G,Zamiaceae,,Macrozamia,,"cranei",,"","D.L.Jones & P.I.Forst.",Accepted,,H,WCSP,379241,979680-1,"Austrobaileya","4: 273","","1994",
kew-2507829,G,Zamiaceae,,Macrozamia,,"crassifolia",,"","P.I.Forst. & D.L.Jones",Accepted,,H,WCSP,379240,979681-1,"Austrobaileya","4: 275","","1994",
kew-2507828,G,Zamiaceae,,Macrozamia,,"cylindrica",,"","C.Moore",Synonym,,H,WCSP,379239,297158-1,"J. Proc. Roy. Soc. New South Wales","17: 119","","1884",kew-2507795
kew-2507850,G,Zamiaceae,,Macrozamia,,"denisonii",,"","C.Moore & F.Muell",Synonym,,H,WCSP,379258,297161-1,"Fragm.","1: 41","","1858",kew-2497202
kew-2512235,G,Zamiaceae,,Macrozamia,,"denisonii",var.,"hopei","(W.Hill) J.Schust.",Synonym,,L,WCSP,379317,,"Pflanzenr.","IV, 1: 101","","1932",kew-2497196
kew-2507773,G,Zamiaceae,,Macrozamia,,"diplomera",,"","(F.Muell.) L.A.S.Johnson",Accepted,,H,WCSP,379208,871787-1,"Proc. Linn. Soc. New South Wales","84: 98","","1959",
kew-2507771,G,Zamiaceae,,Macrozamia,,"douglasii",,"","W.Hill ex F.M.Bailey",Accepted,,H,WCSP,379207,58615-3,"Syn. Queensl. Fl.","500","","1883",
kew-2507834,G,Zamiaceae,,Macrozamia,,"dyeri",,"","(F.Muell.) C.A.Gardner",Accepted,,H,WCSP,379245,58652-3,"Enum. Pl. Austr. Occ.","3","","1930",
kew-2507836,G,Zamiaceae,,Macrozamia,,"elegans",,"","K.D.Hill & D.L.Jones",Accepted,,H,WCSP,379247,1005727-1,"in Fl. Australia","48: 718","","1998",
kew-2507861,G,Zamiaceae,,Macrozamia,,"elegantissima",,"","W.Bull",Synonym,,H,WCSP,379266,297164-1,"Cat.","1847: 7","","1847",kew-2507795
kew-2507859,G,Zamiaceae,,Macrozamia,,"eximia",,"","W.Bull",Synonym,,L,WCSP,379265,297166-1,"Cat.","1847: 7","","1847",kew-2507839
kew-2507858,G,Zamiaceae,,Macrozamia,,"fawcettii",,"","C.Moore",Accepted,,H,WCSP,379264,297167-1,"J. Proc. Roy. Soc. New South Wales","17: 120","","1884",
kew-2507856,G,Zamiaceae,,Macrozamia,,"fearnsidei",,"","D.L.Jones",Accepted,,H,WCSP,379263,960095-1,"Austrobaileya","3: 481","","1991",
kew-2507855,G,Zamiaceae,,Macrozamia,,"flexuosa",,"","C.Moore",Accepted,,H,WCSP,379262,297169-1,"J. Proc. Roy. Soc. New South Wales","17: 121","","1884",
kew-2507853,G,Zamiaceae,,Macrozamia,,"fraseri",,"","Miq.",Accepted,,H,WCSP,379261,297171-1,"Monogr. Cycad.","37","","1842",
kew-2507840,G,Zamiaceae,,Macrozamia,,"gigas",,"","Miq.",Synonym,,H,WCSP,379251,297172-1,"Verh. Kon. Akad. Welensch., Afd. Natuurk.","2(3): 56","","1869",kew-2497202
kew-2507851,G,Zamiaceae,,Macrozamia,,"glaucophylla",,"","D.L.Jones",Accepted,,H,WCSP,379259,1005729-1,"in Fl. Australia","48: 718","","1998",
kew-2507862,G,Zamiaceae,,Macrozamia,,"heteromera",,"","C.Moore",Accepted,,H,WCSP,379267,297173-1,"J. Proc. Roy. Soc. New South Wales","17: 122","","1884",
kew-2512233,G,Zamiaceae,,Macrozamia,,"heteromera",var.,"dicranophylloides","J.Schust.",Synonym,,L,WCSP,379315,,"Pflanzenr.","IV, 1: 96","","1932",kew-2507815
kew-2512232,G,Zamiaceae,,Macrozamia,,"heteromera",var.,"glauca","C.Moore",Synonym,,L,WCSP,379314,,"J. Proc. Roy. Soc. New South Wales","17: 122","","1883",kew-2507851
kew-2512236,G,Zamiaceae,,Macrozamia,,"heteromera",f.,"harmsii","J.Schust.",Synonym,,L,WCSP,379318,,"Pflanzenr.","IV, 1: 96","","1932",kew-2507815
kew-2512226,G,Zamiaceae,,Macrozamia,,"heteromera",var.,"tenuifolia","C.Moore",Synonym,,L,WCSP,379312,,"J. Proc. Roy. Soc. New South Wales","17: 122","","1883",kew-2507815
kew-2507848,G,Zamiaceae,,Macrozamia,,"hillii",,"","W.Bull",Synonym,,L,WCSP,379257,297175-1,"Cat.","1847: 7","","1847",kew-2507839
kew-2507847,G,Zamiaceae,,Macrozamia,,"hopei",,"","(Regel) W.Hill ex C.Moore",Synonym,,H,WCSP,379256,297176-1,"J. Proc. Roy. Soc. New South Wales","17: 116","","1884",kew-2497196
kew-2507845,G,Zamiaceae,,Macrozamia,,"humilis",,"","D.L.Jones",Accepted,,H,WCSP,379255,1005730-1,"in Fl. Australia","48: 719","","1998",
kew-2507844,G,Zamiaceae,,Macrozamia,,"johnsonii",,"","D.L.Jones & K.D.Hill",Accepted,,H,WCSP,379254,968150-1,"Telopea","5: 31","","1992",
kew-2507843,G,Zamiaceae,,Macrozamia,,"littoralis",,"","Liebm. ex Dyer",Synonym,,H,WCSP,379253,297178-1,"Biol. Cent.-Amer., Bot.","3: 191","","1884",kew-2769002
kew-2507842,G,Zamiaceae,,Macrozamia,,"lomandroides",,"","D.L.Jones",Accepted,,H,WCSP,379252,960096-1,"Austrobaileya","3: 483","","1991",
kew-2507822,G,Zamiaceae,,Macrozamia,,"longispina",,"","P.I.Forst. & D.L.Jones",Accepted,,H,WCSP,379236,1005723-1,"in Fl. Australia","48: 717","","1998",
kew-2507852,G,Zamiaceae,,Macrozamia,,"lucida",,"","L.A.S.Johnson",Accepted,,H,WCSP,379260,871789-1,"Proc. Linn. Soc. New South Wales","84: 102","","1959",
kew-2512224,G,Zamiaceae,,Macrozamia,,"macdonnellii",,"","(F.Muell. ex Miq.) A.DC.",Accepted,,H,WCSP,379311,,"Prodr.","16(2): 537","","1868",
kew-2507799,G,Zamiaceae,,Macrozamia,,"machinii",,"","P.I.Forst. & D.L.Jones",Synonym,,H,WCSP,379225,979682-1,"Austrobaileya","4: 276","","1994",kew-2507784
kew-2507797,G,Zamiaceae,,Macrozamia,,"mackenzii",,"","Mast.",Synonym,,H,WCSP,379224,,"Gard. Chron.","n.s., 7: 665","","1877",kew-2507795
kew-2507796,G,Zamiaceae,,Macrozamia,,"macleayi",,"","Miq.",Synonym,,H,WCSP,379223,297182-1,"Arch. Néerl. Sci. Exact. Nat.","3: 250","","1868",kew-2507795
kew-2507795,G,Zamiaceae,,Macrozamia,,"miquelii",,"","(F.Muell.) A.DC.",Accepted,,H,WCSP,379222,297183-1,"Prodr.","16(2): 535","","1868",
kew-2507794,G,Zamiaceae,,Macrozamia,,"montana",,"","K.D.Hill",Accepted,,H,WCSP,379221,1005724-1,"in Fl. Australia","48: 717","","1998",
kew-2507793,G,Zamiaceae,,Macrozamia,,"moorei",,"","F.Muell.",Accepted,,H,WCSP,379220,,"Australas. Chem. Druggist","4: 84","","1881",
kew-2507792,G,Zamiaceae,,Macrozamia,,"mountperriensis",,"","F.M.Bailey",Accepted,,H,WCSP,379219,297185-1,"Syn. Queensl. Fl.","Suppl. 1: 50","","1886",
kew-2507791,G,Zamiaceae,,Macrozamia,,"occidua",,"","D.L.Jones & P.I.Forst.",Accepted,,H,WCSP,379218,979683-1,"Austrobaileya","4: 278","","1994",
kew-2512222,G,Zamiaceae,,Macrozamia,,"oldfieldii",,"","(Miq.) A.DC.",Synonym,,H,WCSP,379310,,"Prodr.","16(2): 535","","1868",kew-2507853
kew-2507789,G,Zamiaceae,,Macrozamia,,"parcifolia",,"","P.I.Forst. & D.L.Jones",Accepted,,H,WCSP,379216,979684-1,"Austrobaileya","4: 279","","1994",
kew-2507800,G,Zamiaceae,,Macrozamia,,"pauli-guilielmi",,"","W.Hill & F.Muell.",Accepted,,H,WCSP,379226,297187-1,"Fragm.","1: 86","","1859",
kew-2512221,G,Zamiaceae,,Macrozamia,,"pauli-guilielmi",subsp.,"flexuosa","(C.Moore) L.A.S.Johnson",Synonym,,L,WCSP,379309,,"Proc. Linn. Soc. New South Wales","84: 109","","1959",kew-2507855
tro-9600089,G,Zamiaceae,,Macrozamia,,"pauli-guilielmi",subsp.,"pauli-guilielmi","",Synonym,,L,TRO,9600089,,"","","","",kew-2507800
kew-2512220,G,Zamiaceae,,Macrozamia,,"pauli-guilielmi",subsp.,"plurinervia","L.A.S.Johnson",Synonym,,L,WCSP,379308,,"Proc. Linn. Soc. New South Wales","84: 108","","1959",kew-2507784
kew-2507788,G,Zamiaceae,,Macrozamia,,"pectinata",,"","Liebm. ex Dyer",Synonym,,H,WCSP,379215,297188-1,"Biol. Cent.-Amer., Bot.","3: 191","","1884",kew-2769002
kew-2507787,G,Zamiaceae,,Macrozamia,,"peroffskyana",,"","(Regel) Miq.",Synonym,,H,WCSP,379214,297189-1,"Arch. Néerl. Sci. Exact. Nat.","3: 252","","1868",kew-2497202
kew-2507786,G,Zamiaceae,,Macrozamia,,"platyrhachis",,"","F.M.Bailey",Accepted,,H,WCSP,379213,297191-1,"Queensland Agric. J.","3: 356","","1898",
kew-2507785,G,Zamiaceae,,Macrozamia,,"plumosa",,"","A.Mohr",Synonym,,H,WCSP,379212,297192-1,"Rev. Hort. Belge Étrangère","3: 69","","1877",kew-2507800
kew-2507784,G,Zamiaceae,,Macrozamia,,"plurinervia",,"","(L.A.S.Johnson) D.L.Jones",Accepted,,H,WCSP,379211,963299-1,"Austrobaileya","3: 484","","1991",
kew-2507783,G,Zamiaceae,,Macrozamia,,"polymorpha",,"","D.L.Jones",Accepted,,H,WCSP,379210,1005728-1,"in Fl. Australia","48: 718","","1998",
kew-2507782,G,Zamiaceae,,Macrozamia,,"preissii",,"","Lehm.",Synonym,,H,WCSP,379209,297193-1,"Nov. Stirp. Pug.","8: 31","","1844",kew-2507853
kew-2512219,G,Zamiaceae,,Macrozamia,,"preissii",subsp.,"dyeri","(F.Muell.) J.Schust.",Synonym,,L,WCSP,379307,,"Pflanzenr.","IV, 1: 102","","1932",kew-2507834
kew-2507811,G,Zamiaceae,,Macrozamia,,"pulchra",,"","W.Bull",Synonym,,L,WCSP,379229,297194-1,"Cat.","1847: 7","","1847",kew-2507839
kew-2507790,G,Zamiaceae,,Macrozamia,,"reducta",,"","K.D.Hill & D.L.Jones",Accepted,,H,WCSP,379217,1005725-1,"in Fl. Australia","48: 718","","1998",
kew-2512239,G,Zamiaceae,,Macrozamia,,"riedlei",,"","(Gaudich.) C.A.Gardner",Accepted,,H,WCSP,379320,60072-3,"Enum. Pl. Austr. Occ.","3","","1930",
kew-2507820,G,Zamiaceae,,Macrozamia,,"secunda",,"","C.Moore",Accepted,,H,WCSP,379235,297197-1,"J. Proc. Roy. Soc. New South Wales","17: 120","","1884",
kew-2507818,G,Zamiaceae,,Macrozamia,,"serpentina",,"","D.L.Jones & P.I.Forst.",Accepted,,H,WCSP,379234,20002999-1,"Austrobaileya","6: 90","","2001",
kew-2507816,G,Zamiaceae,,Macrozamia,,"spiralis",,"","(Salisb.) Miq.",Accepted,,H,WCSP,379233,297200-1,"Monogr. Cycad.","36","","1842",
kew-2512253,G,Zamiaceae,,Macrozamia,,"spiralis",var.,"corallipes","(J.Verschaff.) Benth.",Synonym,,L,WCSP,379332,,"Fl. Austral.","6: 252","","1873",kew-2507816
kew-2512254,G,Zamiaceae,,Macrozamia,,"spiralis",var.,"cylindracea","Benth.",Synonym,,L,WCSP,379333,,"Fl. Austral.","6: 252","","1873",kew-2507800
kew-2512258,G,Zamiaceae,,Macrozamia,,"spiralis",var.,"diplomera","(F.Muell.) A.DC.",Synonym,,L,WCSP,379337,,"Prodr.","16(2): 535","","1868",kew-2507773
kew-2512251,G,Zamiaceae,,Macrozamia,,"spiralis",var.,"eximia","(W.Bull) Regel",Synonym,,L,WCSP,379330,,"Gartenflora","25: 228","","1876",kew-2507839
kew-2512260,G,Zamiaceae,,Macrozamia,,"spiralis",var.,"fawcettii","(C.Moore) Maiden & Betche",Synonym,,L,WCSP,379339,60694-3,"Census N.S.W. Pl.","9","","1916",kew-2507858
kew-2512261,G,Zamiaceae,,Macrozamia,,"spiralis",var.,"flexuosa","(C.Moore) Maiden & Betche",Synonym,,L,WCSP,379340,60747-3,"Census N.S.W. Pl.","9","","1916",kew-2507855
kew-2512262,G,Zamiaceae,,Macrozamia,,"spiralis",var.,"fraseri","Regel",Synonym,,L,WCSP,379341,,"Gartenflora","25: 229","","1876",kew-2507839
kew-2512263,G,Zamiaceae,,Macrozamia,,"spiralis",var.,"heteromera","(C.Moore) Maiden & Betche",Synonym,,L,WCSP,379342,60830-3,"Census N.S.W. Pl.","9","","1916",kew-2507862
kew-2512264,G,Zamiaceae,,Macrozamia,,"spiralis",var.,"hillii","(W.Bull) Regel",Synonym,,L,WCSP,379343,,"Gartenflora","25: 228","","1876",kew-2507839
kew-2512265,G,Zamiaceae,,Macrozamia,,"spiralis",var.,"secunda","(C.Moore) Benth.",Synonym,,L,WCSP,379344,,"Fl. Austral.","6: 252","","1873",kew-2507820
kew-2507815,G,Zamiaceae,,Macrozamia,,"stenomera",,"","L.A.S.Johnson",Accepted,,H,WCSP,379232,871790-1,"Proc. Linn. Soc. New South Wales","84: 106","","1959",
kew-2507814,G,Zamiaceae,,Macrozamia,,"tenuifolia",,"","Miq.",Synonym,,H,WCSP,379231,297201-1,"Verh. Kon. Akad. Welensch., Afd. Natuurk.","2(3): 53","","1869",kew-2507800
kew-2507801,G,Zamiaceae,,Macrozamia,,"tridentata",,"","(Willd.) Regel",Synonym,,L,WCSP,379227,297202-1,"Gartenflora","25: 229","","1876",kew-2469621
kew-2512248,G,Zamiaceae,,Macrozamia,,"tridentata",var.,"corallipes","(J.Verschaff.) J.Schust.",Synonym,,L,WCSP,379328,,"Pflanzenr.","IV, 1: 93","","1932",kew-2507816
kew-2512246,G,Zamiaceae,,Macrozamia,,"tridentata",subsp.,"cylindrica","(C.Moore) J.Schust.",Synonym,,L,WCSP,379326,,"Pflanzenr.","IV, 1: 91","","1932",kew-2507795
kew-2512257,G,Zamiaceae,,Macrozamia,,"tridentata",f.,"dielsii","J.Schust.",Synonym,,L,WCSP,379336,,"Pflanzenr.","IV, 1: 93","","1932",kew-2507816
kew-2512240,G,Zamiaceae,,Macrozamia,,"tridentata",f.,"diplomera","(F.Muell.) J.Schust.",Synonym,,L,WCSP,379321,,"Pflanzenr.","IV, 1: 94","","1932",kew-2507773
kew-2512249,G,Zamiaceae,,Macrozamia,,"tridentata",var.,"douglasii","(F.Muell.) J.Schust.",Synonym,,L,WCSP,379329,,"Pflanzenr.","IV, 1: 90","","1932",kew-2507771
kew-2512241,G,Zamiaceae,,Macrozamia,,"tridentata",f.,"hillii","(W.Bull) J.Schust.",Synonym,,L,WCSP,379322,,"Pflanzenr.","IV, 1: 94","","1932",kew-2507839
kew-2512218,G,Zamiaceae,,Macrozamia,,"tridentata",var.,"mackenzii","(Mast.) J.Schust.",Synonym,,L,WCSP,379306,,"Pflanzenr.","IV, 1: 90","","1932",kew-2507795
kew-2512242,G,Zamiaceae,,Macrozamia,,"tridentata",f.,"milkaui","J.Schust.",Synonym,,L,WCSP,379323,,"Pflanzenr.","IV, 1: 90","","1932",kew-2507795
kew-2512247,G,Zamiaceae,,Macrozamia,,"tridentata",subsp.,"mountperriensis","(F.M.Bailey) J.Schust.",Synonym,,L,WCSP,379327,,"Pflanzenr.","IV, 1: 89","","1932",kew-2507792
kew-2512228,G,Zamiaceae,,Macrozamia,,"tridentata",var.,"oblongifolia","Regel",Synonym,,L,WCSP,379313,,"Trudy Imp. S.-Peterburgsk. Bot. Sada","4: 320","","1876",kew-2507795
kew-2512243,G,Zamiaceae,,Macrozamia,,"tridentata",f.,"oblongifolia","(Regel) J.Schust.",Synonym,,L,WCSP,379324,,"Pflanzenr.","IV, 1: 90","","1932",kew-2507795
kew-2512181,G,Zamiaceae,,Macrozamia,,"tridentata",var.,"pungens","J.Schust.",Synonym,,L,WCSP,379304,,"Pflanzenr.","IV, 1: 93","","1932",kew-2507839
kew-2512182,G,Zamiaceae,,Macrozamia,,"tridentata",var.,"secunda","(C.Moore) J.Schust.",Synonym,,L,WCSP,379305,,"Pflanzenr.","IV, 1: 91","","1932",kew-2507820
kew-2512244,G,Zamiaceae,,Macrozamia,,"tridentata",f.,"vavilovii","J.Schust.",Synonym,,L,WCSP,379325,,"Pflanzenr.","IV, 1: 93","","1932",kew-2507839
kew-2512238,G,Zamiaceae,,Macrozamia,,"tridentata",f.,"wallsendensis","J.Schust.",Synonym,,L,WCSP,379319,,"Pflanzenr.","IV, 1: 93","","1932",kew-2507790
kew-2507812,G,Zamiaceae,,Macrozamia,,"viridis",,"","D.L.Jones & P.I.Forst.",Accepted,,H,WCSP,379230,979685-1,"Austrobaileya","4: 281","","1994",
