ID,Major group,Family,Genus hybrid marker,Genus,Species hybrid marker,Species,Infraspecific rank,Infraspecific epithet,Authorship,Taxonomic status in TPL,Nomenclatural status from original data source,Confidence level,Source,Source id,IPNI id,Publication,Collation,Page,Date,Accepted ID
kew-305353,A,Asparagaceae,,Eliokarmos,,"aureum",,"","Raf.",Synonym,,H,WCSP,305353,534625-1,"Fl. Tellur.","2: 24","","1837",kew-283200
kew-467042,A,Asparagaceae,,Eliokarmos,,"bicornutus",,"","(F.M.Leight.) Mart.-Azorín, M.B.Crespo & Juan",Synonym,,H,WCSP,467042,77109354-1,"Ann. Bot. (Oxford)","107: 29","","2011",kew-283237
kew-467043,A,Asparagaceae,,Eliokarmos,,"bolusianus",,"","(Baker) Mart.-Azorín, M.B.Crespo & Juan",Synonym,,H,WCSP,467043,77109355-1,"Ann. Bot. (Oxford)","107: 29","","2011",kew-282899
kew-305354,A,Asparagaceae,,Eliokarmos,,"caudatum",,"","(Aiton) Raf.",Synonym,,H,WCSP,305354,534626-1,"Fl. Tellur.","2: 24","","1837",kew-456152
kew-467038,A,Asparagaceae,,Eliokarmos,,"ceresianus",,"","(F.M.Leight.) Mart.-Azorín, M.B.Crespo & Juan",Synonym,,H,WCSP,467038,77109356-1,"Ann. Bot. (Oxford)","107: 29","","2011",kew-283494
kew-468407,A,Asparagaceae,,Eliokarmos,,"ciliiferus",,"","(U.Müll.-Doblies & D.Müll.-Doblies) Mart.-Azorín, M.B.Crespo & Juan",Synonym,,H,WCSP,468407,77109357-1,"Ann. Bot. (Oxford)","107: 29","","2011",kew-283099
kew-305355,A,Asparagaceae,,Eliokarmos,,"coarctatum",,"","(Jacq.) Raf.",Synonym,,H,WCSP,305355,534627-1,"Fl. Tellur.","2: 24","","1837",kew-283494
kew-467035,A,Asparagaceae,,Eliokarmos,,"conicus",,"","(Jacq.) Mart.-Azorín, M.B.Crespo & Juan",Synonym,,H,WCSP,467035,77109358-1,"Ann. Bot. (Oxford)","107: 29","","2011",kew-282832
kew-467037,A,Asparagaceae,,Eliokarmos,,"constrictus",,"","(F.M.Leight.) Mart.-Azorín, M.B.Crespo & Juan",Synonym,,H,WCSP,467037,77109359-1,"Ann. Bot. (Oxford)","107: 29","","2011",kew-282869
kew-466242,A,Asparagaceae,,Eliokarmos,,"corticatus",,"","(Mart.-Azorín) Mart.-Azorín, M.B.Crespo & Juan",Synonym,,H,WCSP,466242,77109360-1,"Ann. Bot. (Oxford)","107: 29","","2011",kew-373581
kew-467033,A,Asparagaceae,,Eliokarmos,,"decus-montium",,"","(G.Will.) Mart.-Azorín, M.B.Crespo & Juan",Synonym,,H,WCSP,467033,77109361-1,"Ann. Bot. (Oxford)","107: 29","","2011",kew-283559
kew-467032,A,Asparagaceae,,Eliokarmos,,"deltoideus",,"","(Baker) Mart.-Azorín, M.B.Crespo & Juan",Synonym,,H,WCSP,467032,77109362-1,"Ann. Bot. (Oxford)","107: 29","","2011",kew-283189
kew-467027,A,Asparagaceae,,Eliokarmos,,"dubius",,"","(Houtt.) Mart.-Azorín, M.B.Crespo & Juan",Synonym,,H,WCSP,467027,77109364-1,"Ann. Bot. (Oxford)","107: 29","","2011",kew-283153
kew-467029,A,Asparagaceae,,Eliokarmos,,"geniculatus",,"","(Oberm.) Mart.-Azorín, M.B.Crespo & Juan",Synonym,,H,WCSP,467029,77109363-1,"Ann. Bot. (Oxford)","107: 29","","2011",kew-282997
kew-467026,A,Asparagaceae,,Eliokarmos,,"gifbergensis",,"","(U.Müll.-Doblies & D.Müll.-Doblies) Mart.-Azorín, M.B.Crespo & Juan",Synonym,,H,WCSP,467026,77109365-1,"Ann. Bot. (Oxford)","107: 29","","2011",kew-283099
kew-467045,A,Asparagaceae,,Eliokarmos,,"hallii",,"","(Oberm.) Mart.-Azorín, M.B.Crespo & Juan",Synonym,,H,WCSP,467045,77109366-1,"Ann. Bot. (Oxford)","107: 29","","2011",kew-282909
kew-467053,A,Asparagaceae,,Eliokarmos,,"hispidulus",,"","(U.Müll.-Doblies & D.Müll.-Doblies) Mart.-Azorín, M.B.Crespo & Juan",Synonym,,H,WCSP,467053,77109367-1,"Ann. Bot. (Oxford)","107: 29","","2011",kew-283089
kew-467054,A,Asparagaceae,,Eliokarmos,,"inandensis",,"","(Baker) Mart.-Azorín, M.B.Crespo & Juan",Synonym,,H,WCSP,467054,77109368-1,"Ann. Bot. (Oxford)","107: 29","","2011",kew-282899
kew-467056,A,Asparagaceae,,Eliokarmos,,"inclusus",,"","(F.M.Leight.) Mart.-Azorín, M.B.Crespo & Juan",Synonym,,H,WCSP,467056,77109369-1,"Ann. Bot. (Oxford)","107: 29","","2011",kew-282891
kew-467050,A,Asparagaceae,,Eliokarmos,,"leeupoortensis",,"","(U.Müll.-Doblies & D.Müll.-Doblies) Mart.-Azorín, M.B.Crespo & Juan",Synonym,,H,WCSP,467050,77109370-1,"Ann. Bot. (Oxford)","107: 29","","2011",kew-283087
kew-305356,A,Asparagaceae,,Eliokarmos,,"maculatus",,"","(Jacq.) Raf.",Synonym,,H,WCSP,305356,534628-1,"Fl. Tellur.","3: 59","","1837",kew-283620
kew-467049,A,Asparagaceae,,Eliokarmos,,"namaquanulus",,"","(U.Müll.-Doblies & D.Müll.-Doblies) Mart.-Azorín, M.B.Crespo & Juan",Synonym,,H,WCSP,467049,77109371-1,"Ann. Bot. (Oxford)","107: 29","","2011",kew-283088
kew-467039,A,Asparagaceae,,Eliokarmos,,"naviculus",,"","(W.F.Barker ex Oberm.) Mart.-Azorín, M.B.Crespo & Juan",Synonym,,H,WCSP,467039,77109372-1,"Ann. Bot. (Oxford)","107: 29","","2011",kew-283557
kew-467048,A,Asparagaceae,,Eliokarmos,,"neomaculatus",,"","Mart.-Azorín, M.B.Crespo & Juan",Synonym,,H,WCSP,467048,77109373-1,"Ann. Bot. (Oxford)","107: 29","","2011",kew-283620
kew-467011,A,Asparagaceae,,Eliokarmos,,"pilosus",,"","(Jacq.) Mart.-Azorín, M.B.Crespo & Juan",Synonym,,H,WCSP,467011,77109374-1,"Ann. Bot. (Oxford)","107: 29","","2011",kew-282883
kew-467013,A,Asparagaceae,,Eliokarmos,,"pilosus",subsp.,"bergii","(Schltdl.) Mart.-Azorín, M.B.Crespo & Juan",Synonym,,L,WCSP,467013,77109375-1,"Ann. Bot. (Oxford)","107: 30","","2011",kew-283722
kew-467014,A,Asparagaceae,,Eliokarmos,,"pruinosus",,"","(F.M.Leight.) Mart.-Azorín, M.B.Crespo & Juan",Synonym,,H,WCSP,467014,77109376-1,"Ann. Bot. (Oxford)","107: 30","","2011",kew-283453
kew-467016,A,Asparagaceae,,Eliokarmos,,"puberulus",,"","(Oberm.) Mart.-Azorín, M.B.Crespo & Juan",Synonym,,H,WCSP,467016,77109377-1,"Ann. Bot. (Oxford)","107: 30","","2011",kew-283449
kew-467018,A,Asparagaceae,,Eliokarmos,,"rubescens",,"","(F.M.Leight.) Mart.-Azorín, M.B.Crespo & Juan",Synonym,,H,WCSP,467018,77109378-1,"Ann. Bot. (Oxford)","107: 30","","2011",kew-282883
kew-467019,A,Asparagaceae,,Eliokarmos,,"rupestris",,"","(L.f.) Mart.-Azorín, M.B.Crespo & Juan",Synonym,,H,WCSP,467019,77109379-1,"Ann. Bot. (Oxford)","107: 30","","2011",kew-283405
kew-467020,A,Asparagaceae,,Eliokarmos,,"strictus",,"","(L.Bolus) Mart.-Azorín, M.B.Crespo & Juan",Synonym,,H,WCSP,467020,77109380-1,"Ann. Bot. (Oxford)","107: 30","","2011",kew-310148
kew-467017,A,Asparagaceae,,Eliokarmos,,"synathifolius",,"","(F.M.Leight.) Mart.-Azorín, M.B.Crespo & Juan",Synonym,,H,WCSP,467017,77109381-1,"Ann. Bot. (Oxford)","107: 30","","2011",kew-283254
kew-467015,A,Asparagaceae,,Eliokarmos,,"thermophilus",,"","(F.M.Leight.) Mart.-Azorín, M.B.Crespo & Juan",Synonym,,H,WCSP,467015,77109382-1,"Ann. Bot. (Oxford)","107: 30","","2011",kew-283488
kew-305357,A,Asparagaceae,,Eliokarmos,,"thyrsoides",,"","(Jacq.) Raf.",Synonym,,H,WCSP,305357,534629-1,"Fl. Tellur.","2: 24","","1837",kew-283494
